slug,category,filename,aspect,prompt
agua-fresca-de-melon-y-menta,bebida,receta-agua-fresca-de-melon-y-menta.webp,1:1,"Fotografía gastronómica apetitosa y realista de comida para niños, servida sobre mesa de madera clara, luz natural suave de ventana lateral, ángulo cenital a 45 grados, fondo cálido neutro ligeramente desenfocado, props mínimos: servilleta de tela en tono verde manzana o menta y cubierto infantil, porción de tamaño infantil, colores naturales vivos del alimento, aspecto casero y fresco, sin manos, sin personas, sin texto, sin letras, sin marcas, sin empaques comerciales. Servido en vaso infantil con popote o termo infantil, fondo despejado. PLATILLO: Agua Fresca de Melón y Menta, con melón maduro, servido de forma apetitosa y natural"
albondigas-con-salsa-de-calabaza,almuerzo,receta-albondigas-con-salsa-de-calabaza.webp,1:1,"Fotografía gastronómica apetitosa y realista de comida para niños, servida sobre mesa de madera clara, luz natural suave de ventana lateral, ángulo cenital a 45 grados, fondo cálido neutro ligeramente desenfocado, props mínimos: servilleta de tela en tono verde manzana o menta y cubierto infantil, porción de tamaño infantil, colores naturales vivos del alimento, aspecto casero y fresco, sin manos, sin personas, sin texto, sin letras, sin marcas, sin empaques comerciales. Plato principal servido en plato infantil de cerámica crema, porción pequeña. PLATILLO: Albóndigas con Salsa de Calabaza, con carne molida de pollo o pavo, puré de calabaza, huevo, servido de forma apetitosa y natural"
albondigas-de-berenjena,almuerzo,receta-albondigas-de-berenjena.webp,1:1,"Fotografía gastronómica apetitosa y realista de comida para niños, servida sobre mesa de madera clara, luz natural suave de ventana lateral, ángulo cenital a 45 grados, fondo cálido neutro ligeramente desenfocado, props mínimos: servilleta de tela en tono verde manzana o menta y cubierto infantil, porción de tamaño infantil, colores naturales vivos del alimento, aspecto casero y fresco, sin manos, sin personas, sin texto, sin letras, sin marcas, sin empaques comerciales. Plato principal servido en plato infantil de cerámica crema, porción pequeña. PLATILLO: Albóndigas de Berenjena, con berenjena, huevo, pan molido, servido de forma apetitosa y natural"
albondigas-de-carne-de-res,almuerzo,receta-albondigas-de-carne-de-res.webp,1:1,"Fotografía gastronómica apetitosa y realista de comida para niños, servida sobre mesa de madera clara, luz natural suave de ventana lateral, ángulo cenital a 45 grados, fondo cálido neutro ligeramente desenfocado, props mínimos: servilleta de tela en tono verde manzana o menta y cubierto infantil, porción de tamaño infantil, colores naturales vivos del alimento, aspecto casero y fresco, sin manos, sin personas, sin texto, sin letras, sin marcas, sin empaques comerciales. Plato principal servido en plato infantil de cerámica crema, porción pequeña. PLATILLO: Albóndigas de Carne de Res, con carne de res molida, zanahoria, pan molido, servido de forma apetitosa y natural"
albondigas-de-pavo-y-zanahoria,almuerzo,receta-albondigas-de-pavo-y-zanahoria.webp,1:1,"Fotografía gastronómica apetitosa y realista de comida para niños, servida sobre mesa de madera clara, luz natural suave de ventana lateral, ángulo cenital a 45 grados, fondo cálido neutro ligeramente desenfocado, props mínimos: servilleta de tela en tono verde manzana o menta y cubierto infantil, porción de tamaño infantil, colores naturales vivos del alimento, aspecto casero y fresco, sin manos, sin personas, sin texto, sin letras, sin marcas, sin empaques comerciales. Plato principal servido en plato infantil de cerámica crema, porción pequeña. PLATILLO: Albóndigas de Pavo y Zanahoria, con carne de pavo molida, zanahoria, huevo, servido de forma apetitosa y natural"
alitas-de-pollo,almuerzo,receta-alitas-de-pollo.webp,1:1,"Fotografía gastronómica apetitosa y realista de comida para niños, servida sobre mesa de madera clara, luz natural suave de ventana lateral, ángulo cenital a 45 grados, fondo cálido neutro ligeramente desenfocado, props mínimos: servilleta de tela en tono verde manzana o menta y cubierto infantil, porción de tamaño infantil, colores naturales vivos del alimento, aspecto casero y fresco, sin manos, sin personas, sin texto, sin letras, sin marcas, sin empaques comerciales. Plato principal servido en plato infantil de cerámica crema, porción pequeña. PLATILLO: Alitas de Pollo, con alitas de pollo, mostaza, miel, servido de forma apetitosa y natural"
arepa-de-choclo-con-platano-maduro,desayuno,receta-arepa-de-choclo-con-platano-maduro.webp,1:1,"Fotografía gastronómica apetitosa y realista de comida para niños, servida sobre mesa de madera clara, luz natural suave de ventana lateral, ángulo cenital a 45 grados, fondo cálido neutro ligeramente desenfocado, props mínimos: servilleta de tela en tono verde manzana o menta y cubierto infantil, porción de tamaño infantil, colores naturales vivos del alimento, aspecto casero y fresco, sin manos, sin personas, sin texto, sin letras, sin marcas, sin empaques comerciales. Servicio matutino en plato infantil de cerámica crema, luz más clara y fresca. PLATILLO: Arepa de Choclo con Plátano Maduro, con granos de choclo, plátano macho maduro, harina de maíz, servido de forma apetitosa y natural"
arepa-de-yuca-y-calabaza,lonchera,receta-arepa-de-yuca-y-calabaza.webp,1:1,"Fotografía gastronómica apetitosa y realista de comida para niños, servida sobre mesa de madera clara, luz natural suave de ventana lateral, ángulo cenital a 45 grados, fondo cálido neutro ligeramente desenfocado, props mínimos: servilleta de tela en tono verde manzana o menta y cubierto infantil, porción de tamaño infantil, colores naturales vivos del alimento, aspecto casero y fresco, sin manos, sin personas, sin texto, sin letras, sin marcas, sin empaques comerciales. Servido dentro de un compartimento de lonchera bento abierta, vista cenital. PLATILLO: Arepa de Yuca y Calabaza, con yuca cocida, calabaza cocida, harina de maíz, servido de forma apetitosa y natural"
arepas-nutritivas,colacion,receta-arepas-nutritivas.webp,1:1,"Fotografía gastronómica apetitosa y realista de comida para niños, servida sobre mesa de madera clara, luz natural suave de ventana lateral, ángulo cenital a 45 grados, fondo cálido neutro ligeramente desenfocado, props mínimos: servilleta de tela en tono verde manzana o menta y cubierto infantil, porción de tamaño infantil, colores naturales vivos del alimento, aspecto casero y fresco, sin manos, sin personas, sin texto, sin letras, sin marcas, sin empaques comerciales. Porción para llevar sobre servilleta de tela, presentación sencilla. PLATILLO: Arepas Nutritivas, con harina de maíz precocida, servido de forma apetitosa y natural"
aros-de-cebolla,colacion,receta-aros-de-cebolla.webp,1:1,"Fotografía gastronómica apetitosa y realista de comida para niños, servida sobre mesa de madera clara, luz natural suave de ventana lateral, ángulo cenital a 45 grados, fondo cálido neutro ligeramente desenfocado, props mínimos: servilleta de tela en tono verde manzana o menta y cubierto infantil, porción de tamaño infantil, colores naturales vivos del alimento, aspecto casero y fresco, sin manos, sin personas, sin texto, sin letras, sin marcas, sin empaques comerciales. Porción para llevar sobre servilleta de tela, presentación sencilla. PLATILLO: Aros de Cebolla, con huevo, harina de avena, pan rallado integral, servido de forma apetitosa y natural"
arroz-a-la-campesina,almuerzo,receta-arroz-a-la-campesina.webp,1:1,"Fotografía gastronómica apetitosa y realista de comida para niños, servida sobre mesa de madera clara, luz natural suave de ventana lateral, ángulo cenital a 45 grados, fondo cálido neutro ligeramente desenfocado, props mínimos: servilleta de tela en tono verde manzana o menta y cubierto infantil, porción de tamaño infantil, colores naturales vivos del alimento, aspecto casero y fresco, sin manos, sin personas, sin texto, sin letras, sin marcas, sin empaques comerciales. Plato principal servido en plato infantil de cerámica crema, porción pequeña. PLATILLO: Arroz a la Campesina, con arroz integral, zanahoria, pimiento verde, servido de forma apetitosa y natural"
arroz-con-arvejas-y-jamon,almuerzo,receta-arroz-con-arvejas-y-jamon.webp,1:1,"Fotografía gastronómica apetitosa y realista de comida para niños, servida sobre mesa de madera clara, luz natural suave de ventana lateral, ángulo cenital a 45 grados, fondo cálido neutro ligeramente desenfocado, props mínimos: servilleta de tela en tono verde manzana o menta y cubierto infantil, porción de tamaño infantil, colores naturales vivos del alimento, aspecto casero y fresco, sin manos, sin personas, sin texto, sin letras, sin marcas, sin empaques comerciales. Plato principal servido en plato infantil de cerámica crema, porción pequeña. PLATILLO: Arroz con Arvejas y Jamón, con arroz integral, arvejas, jamón cocido bajo en sal, servido de forma apetitosa y natural"
arroz-con-brocoli-y-queso,almuerzo,receta-arroz-con-brocoli-y-queso.webp,1:1,"Fotografía gastronómica apetitosa y realista de comida para niños, servida sobre mesa de madera clara, luz natural suave de ventana lateral, ángulo cenital a 45 grados, fondo cálido neutro ligeramente desenfocado, props mínimos: servilleta de tela en tono verde manzana o menta y cubierto infantil, porción de tamaño infantil, colores naturales vivos del alimento, aspecto casero y fresco, sin manos, sin personas, sin texto, sin letras, sin marcas, sin empaques comerciales. Plato principal servido en plato infantil de cerámica crema, porción pequeña. PLATILLO: Arroz con Brócoli y Queso, con arroz integral, brócoli, queso rallado, servido de forma apetitosa y natural"
arroz-con-leche-de-chocolate,postre,receta-arroz-con-leche-de-chocolate.webp,1:1,"Fotografía gastronómica apetitosa y realista de comida para niños, servida sobre mesa de madera clara, luz natural suave de ventana lateral, ángulo cenital a 45 grados, fondo cálido neutro ligeramente desenfocado, props mínimos: servilleta de tela en tono verde manzana o menta y cubierto infantil, porción de tamaño infantil, colores naturales vivos del alimento, aspecto casero y fresco, sin manos, sin personas, sin texto, sin letras, sin marcas, sin empaques comerciales. Porción individual pequeña en recipiente infantil, presentación sencilla sin decoración excesiva. PLATILLO: Arroz con Leche de Chocolate, con leche entera, arroz blanco, canela en rama, servido de forma apetitosa y natural"
arroz-con-pollo-y-verduras,almuerzo,receta-arroz-con-pollo-y-verduras.webp,1:1,"Fotografía gastronómica apetitosa y realista de comida para niños, servida sobre mesa de madera clara, luz natural suave de ventana lateral, ángulo cenital a 45 grados, fondo cálido neutro ligeramente desenfocado, props mínimos: servilleta de tela en tono verde manzana o menta y cubierto infantil, porción de tamaño infantil, colores naturales vivos del alimento, aspecto casero y fresco, sin manos, sin personas, sin texto, sin letras, sin marcas, sin empaques comerciales. Plato principal servido en plato infantil de cerámica crema, porción pequeña. PLATILLO: Arroz con Pollo y Verduras, con arroz, pechuga de pollo sin piel, zanahoria, servido de forma apetitosa y natural"
arroz-con-pollo-y-zanahoria,almuerzo,receta-arroz-con-pollo-y-zanahoria.webp,1:1,"Fotografía gastronómica apetitosa y realista de comida para niños, servida sobre mesa de madera clara, luz natural suave de ventana lateral, ángulo cenital a 45 grados, fondo cálido neutro ligeramente desenfocado, props mínimos: servilleta de tela en tono verde manzana o menta y cubierto infantil, porción de tamaño infantil, colores naturales vivos del alimento, aspecto casero y fresco, sin manos, sin personas, sin texto, sin letras, sin marcas, sin empaques comerciales. Plato principal servido en plato infantil de cerámica crema, porción pequeña. PLATILLO: Arroz con Pollo y Zanahoria, con arroz integral, pechuga de pollo, zanahoria, servido de forma apetitosa y natural"
arroz-integral-con-lentejas,almuerzo,receta-arroz-integral-con-lentejas.webp,1:1,"Fotografía gastronómica apetitosa y realista de comida para niños, servida sobre mesa de madera clara, luz natural suave de ventana lateral, ángulo cenital a 45 grados, fondo cálido neutro ligeramente desenfocado, props mínimos: servilleta de tela en tono verde manzana o menta y cubierto infantil, porción de tamaño infantil, colores naturales vivos del alimento, aspecto casero y fresco, sin manos, sin personas, sin texto, sin letras, sin marcas, sin empaques comerciales. Plato principal servido en plato infantil de cerámica crema, porción pequeña. PLATILLO: Arroz Integral con Lentejas, con arroz integral, lentejas cocidas, zanahoria, servido de forma apetitosa y natural"
arroz-salteado-con-huevo-y-verduras,cena,receta-arroz-salteado-con-huevo-y-verduras.webp,1:1,"Fotografía gastronómica apetitosa y realista de comida para niños, servida sobre mesa de madera clara, luz natural suave de ventana lateral, ángulo cenital a 45 grados, fondo cálido neutro ligeramente desenfocado, props mínimos: servilleta de tela en tono verde manzana o menta y cubierto infantil, porción de tamaño infantil, colores naturales vivos del alimento, aspecto casero y fresco, sin manos, sin personas, sin texto, sin letras, sin marcas, sin empaques comerciales. Plato principal servido en plato infantil de cerámica crema, porción pequeña, ambiente cálido de cena. PLATILLO: Arroz Salteado con Huevo y Verduras, con arroz blanco cocido, huevos, zanahoria, servido de forma apetitosa y natural"
avena-cremosa-de-camote-y-manzana,desayuno,receta-avena-cremosa-de-camote-y-manzana.webp,1:1,"Fotografía gastronómica apetitosa y realista de comida para niños, servida sobre mesa de madera clara, luz natural suave de ventana lateral, ángulo cenital a 45 grados, fondo cálido neutro ligeramente desenfocado, props mínimos: servilleta de tela en tono verde manzana o menta y cubierto infantil, porción de tamaño infantil, colores naturales vivos del alimento, aspecto casero y fresco, sin manos, sin personas, sin texto, sin letras, sin marcas, sin empaques comerciales. Servicio matutino en plato infantil de cerámica crema, luz más clara y fresca. PLATILLO: Avena Cremosa de Camote y Manzana, con camote, manzana, avena en hojuelas, servido de forma apetitosa y natural"
avena-cremosa-de-mango-y-platano,desayuno,receta-avena-cremosa-de-mango-y-platano.webp,1:1,"Fotografía gastronómica apetitosa y realista de comida para niños, servida sobre mesa de madera clara, luz natural suave de ventana lateral, ángulo cenital a 45 grados, fondo cálido neutro ligeramente desenfocado, props mínimos: servilleta de tela en tono verde manzana o menta y cubierto infantil, porción de tamaño infantil, colores naturales vivos del alimento, aspecto casero y fresco, sin manos, sin personas, sin texto, sin letras, sin marcas, sin empaques comerciales. Servicio matutino en plato infantil de cerámica crema, luz más clara y fresca. PLATILLO: Avena Cremosa de Mango y Plátano, con avena en hojuelas, mango, plátano, servido de forma apetitosa y natural"
avena-cremosa-de-zanahoria-y-huevo,desayuno,receta-avena-cremosa-de-zanahoria-y-huevo.webp,1:1,"Fotografía gastronómica apetitosa y realista de comida para niños, servida sobre mesa de madera clara, luz natural suave de ventana lateral, ángulo cenital a 45 grados, fondo cálido neutro ligeramente desenfocado, props mínimos: servilleta de tela en tono verde manzana o menta y cubierto infantil, porción de tamaño infantil, colores naturales vivos del alimento, aspecto casero y fresco, sin manos, sin personas, sin texto, sin letras, sin marcas, sin empaques comerciales. Servicio matutino en plato infantil de cerámica crema, luz más clara y fresca. PLATILLO: Avena Cremosa de Zanahoria y Huevo, con zanahoria, huevo, avena en hojuelas, servido de forma apetitosa y natural"
barritas-crocantes-de-mani-y-chocolate,colacion,receta-barritas-crocantes-de-mani-y-chocolate.webp,1:1,"Fotografía gastronómica apetitosa y realista de comida para niños, servida sobre mesa de madera clara, luz natural suave de ventana lateral, ángulo cenital a 45 grados, fondo cálido neutro ligeramente desenfocado, props mínimos: servilleta de tela en tono verde manzana o menta y cubierto infantil, porción de tamaño infantil, colores naturales vivos del alimento, aspecto casero y fresco, sin manos, sin personas, sin texto, sin letras, sin marcas, sin empaques comerciales. Porción para llevar sobre servilleta de tela, presentación sencilla. PLATILLO: Barritas Crocantes de Maní y Chocolate, con harina de almendras, crema de avellanas sin azúcar, mantequilla de maní, servido de forma apetitosa y natural"
barritas-de-avena-y-frutos-secos,colacion,receta-barritas-de-avena-y-frutos-secos.webp,1:1,"Fotografía gastronómica apetitosa y realista de comida para niños, servida sobre mesa de madera clara, luz natural suave de ventana lateral, ángulo cenital a 45 grados, fondo cálido neutro ligeramente desenfocado, props mínimos: servilleta de tela en tono verde manzana o menta y cubierto infantil, porción de tamaño infantil, colores naturales vivos del alimento, aspecto casero y fresco, sin manos, sin personas, sin texto, sin letras, sin marcas, sin empaques comerciales. Porción para llevar sobre servilleta de tela, presentación sencilla. PLATILLO: Barritas de Avena y Frutos Secos, con hojuelas de avena, frutos secos molidos, dátiles sin semilla triturados, servido de forma apetitosa y natural"
barritas-de-fruta-y-avena,colacion,receta-barritas-de-fruta-y-avena.webp,1:1,"Fotografía gastronómica apetitosa y realista de comida para niños, servida sobre mesa de madera clara, luz natural suave de ventana lateral, ángulo cenital a 45 grados, fondo cálido neutro ligeramente desenfocado, props mínimos: servilleta de tela en tono verde manzana o menta y cubierto infantil, porción de tamaño infantil, colores naturales vivos del alimento, aspecto casero y fresco, sin manos, sin personas, sin texto, sin letras, sin marcas, sin empaques comerciales. Porción para llevar sobre servilleta de tela, presentación sencilla. PLATILLO: Barritas de Fruta y Avena, con hojuelas de avena, frutos secos, dátiles sin semilla, servido de forma apetitosa y natural"
barritas-de-manzana-y-amaranto,colacion,receta-barritas-de-manzana-y-amaranto.webp,1:1,"Fotografía gastronómica apetitosa y realista de comida para niños, servida sobre mesa de madera clara, luz natural suave de ventana lateral, ángulo cenital a 45 grados, fondo cálido neutro ligeramente desenfocado, props mínimos: servilleta de tela en tono verde manzana o menta y cubierto infantil, porción de tamaño infantil, colores naturales vivos del alimento, aspecto casero y fresco, sin manos, sin personas, sin texto, sin letras, sin marcas, sin empaques comerciales. Porción para llevar sobre servilleta de tela, presentación sencilla. PLATILLO: Barritas de Manzana y Amaranto, con manzana, amaranto expandido, miel, servido de forma apetitosa y natural"
barritas-energeticas,colacion,receta-barritas-energeticas.webp,1:1,"Fotografía gastronómica apetitosa y realista de comida para niños, servida sobre mesa de madera clara, luz natural suave de ventana lateral, ángulo cenital a 45 grados, fondo cálido neutro ligeramente desenfocado, props mínimos: servilleta de tela en tono verde manzana o menta y cubierto infantil, porción de tamaño infantil, colores naturales vivos del alimento, aspecto casero y fresco, sin manos, sin personas, sin texto, sin letras, sin marcas, sin empaques comerciales. Porción para llevar sobre servilleta de tela, presentación sencilla. PLATILLO: Barritas Energéticas, con avena en hojuelas, miel, azúcar morena, servido de forma apetitosa y natural"
bastoncitos-de-calabacin-al-horno,colacion,receta-bastoncitos-de-calabacin-al-horno.webp,1:1,"Fotografía gastronómica apetitosa y realista de comida para niños, servida sobre mesa de madera clara, luz natural suave de ventana lateral, ángulo cenital a 45 grados, fondo cálido neutro ligeramente desenfocado, props mínimos: servilleta de tela en tono verde manzana o menta y cubierto infantil, porción de tamaño infantil, colores naturales vivos del alimento, aspecto casero y fresco, sin manos, sin personas, sin texto, sin letras, sin marcas, sin empaques comerciales. Porción para llevar sobre servilleta de tela, presentación sencilla. PLATILLO: Bastoncitos de calabacín al horno, con calabacín, harina de avena, servido de forma apetitosa y natural"
bastones-suaves-de-res-y-camote,colacion,receta-bastones-suaves-de-res-y-camote.webp,1:1,"Fotografía gastronómica apetitosa y realista de comida para niños, servida sobre mesa de madera clara, luz natural suave de ventana lateral, ángulo cenital a 45 grados, fondo cálido neutro ligeramente desenfocado, props mínimos: servilleta de tela en tono verde manzana o menta y cubierto infantil, porción de tamaño infantil, colores naturales vivos del alimento, aspecto casero y fresco, sin manos, sin personas, sin texto, sin letras, sin marcas, sin empaques comerciales. Porción para llevar sobre servilleta de tela, presentación sencilla. PLATILLO: Bastones Suaves de Res y Camote, con carne molida de res magra, camote, hojuelas de avena molidas, servido de forma apetitosa y natural"
batido-de-aguacate,bebida,receta-batido-de-aguacate.webp,1:1,"Fotografía gastronómica apetitosa y realista de comida para niños, servida sobre mesa de madera clara, luz natural suave de ventana lateral, ángulo cenital a 45 grados, fondo cálido neutro ligeramente desenfocado, props mínimos: servilleta de tela en tono verde manzana o menta y cubierto infantil, porción de tamaño infantil, colores naturales vivos del alimento, aspecto casero y fresco, sin manos, sin personas, sin texto, sin letras, sin marcas, sin empaques comerciales. Servido en vaso infantil con popote o termo infantil, fondo despejado. PLATILLO: Batido de Aguacate, con banana, aguacate, leche, servido de forma apetitosa y natural"
batido-de-manzana-y-platano,bebida,receta-batido-de-manzana-y-platano.webp,1:1,"Fotografía gastronómica apetitosa y realista de comida para niños, servida sobre mesa de madera clara, luz natural suave de ventana lateral, ángulo cenital a 45 grados, fondo cálido neutro ligeramente desenfocado, props mínimos: servilleta de tela en tono verde manzana o menta y cubierto infantil, porción de tamaño infantil, colores naturales vivos del alimento, aspecto casero y fresco, sin manos, sin personas, sin texto, sin letras, sin marcas, sin empaques comerciales. Servido en vaso infantil con popote o termo infantil, fondo despejado. PLATILLO: Batido de Manzana y Plátano, con manzana, plátano, leche materna, fórmula o agua, servido de forma apetitosa y natural"
batido-de-papaya,bebida,receta-batido-de-papaya.webp,1:1,"Fotografía gastronómica apetitosa y realista de comida para niños, servida sobre mesa de madera clara, luz natural suave de ventana lateral, ángulo cenital a 45 grados, fondo cálido neutro ligeramente desenfocado, props mínimos: servilleta de tela en tono verde manzana o menta y cubierto infantil, porción de tamaño infantil, colores naturales vivos del alimento, aspecto casero y fresco, sin manos, sin personas, sin texto, sin letras, sin marcas, sin empaques comerciales. Servido en vaso infantil con popote o termo infantil, fondo despejado. PLATILLO: Batido de Papaya, con papaya, banana, yogur natural, servido de forma apetitosa y natural"
batido-de-vainilla,bebida,receta-batido-de-vainilla.webp,1:1,"Fotografía gastronómica apetitosa y realista de comida para niños, servida sobre mesa de madera clara, luz natural suave de ventana lateral, ángulo cenital a 45 grados, fondo cálido neutro ligeramente desenfocado, props mínimos: servilleta de tela en tono verde manzana o menta y cubierto infantil, porción de tamaño infantil, colores naturales vivos del alimento, aspecto casero y fresco, sin manos, sin personas, sin texto, sin letras, sin marcas, sin empaques comerciales. Servido en vaso infantil con popote o termo infantil, fondo despejado. PLATILLO: Batido de Vainilla, con yogur natural, naranja, banana, servido de forma apetitosa y natural"
berenjenas-empanizadas,almuerzo,receta-berenjenas-empanizadas.webp,1:1,"Fotografía gastronómica apetitosa y realista de comida para niños, servida sobre mesa de madera clara, luz natural suave de ventana lateral, ángulo cenital a 45 grados, fondo cálido neutro ligeramente desenfocado, props mínimos: servilleta de tela en tono verde manzana o menta y cubierto infantil, porción de tamaño infantil, colores naturales vivos del alimento, aspecto casero y fresco, sin manos, sin personas, sin texto, sin letras, sin marcas, sin empaques comerciales. Plato principal servido en plato infantil de cerámica crema, porción pequeña. PLATILLO: Berenjenas Empanizadas, con berenjena, harina de avena, huevos, servido de forma apetitosa y natural"
bizcocho-de-calabaza-blw,colacion,receta-bizcocho-de-calabaza-blw.webp,1:1,"Fotografía gastronómica apetitosa y realista de comida para niños, servida sobre mesa de madera clara, luz natural suave de ventana lateral, ángulo cenital a 45 grados, fondo cálido neutro ligeramente desenfocado, props mínimos: servilleta de tela en tono verde manzana o menta y cubierto infantil, porción de tamaño infantil, colores naturales vivos del alimento, aspecto casero y fresco, sin manos, sin personas, sin texto, sin letras, sin marcas, sin empaques comerciales. Porción para llevar sobre servilleta de tela, presentación sencilla. PLATILLO: Bizcocho de calabaza BLW sin lactosa, con puré de calabaza, harina de avena, bebida de avena, servido de forma apetitosa y natural"
bizcocho-relleno,postre,receta-bizcocho-relleno.webp,1:1,"Fotografía gastronómica apetitosa y realista de comida para niños, servida sobre mesa de madera clara, luz natural suave de ventana lateral, ángulo cenital a 45 grados, fondo cálido neutro ligeramente desenfocado, props mínimos: servilleta de tela en tono verde manzana o menta y cubierto infantil, porción de tamaño infantil, colores naturales vivos del alimento, aspecto casero y fresco, sin manos, sin personas, sin texto, sin letras, sin marcas, sin empaques comerciales. Porción individual pequeña en recipiente infantil, presentación sencilla sin decoración excesiva. PLATILLO: Bizcocho Relleno, con huevo, leche, avena molida, servido de forma apetitosa y natural"
bocaditos-de-chocolate-y-avellana,colacion,receta-bocaditos-de-chocolate-y-avellana.webp,1:1,"Fotografía gastronómica apetitosa y realista de comida para niños, servida sobre mesa de madera clara, luz natural suave de ventana lateral, ángulo cenital a 45 grados, fondo cálido neutro ligeramente desenfocado, props mínimos: servilleta de tela en tono verde manzana o menta y cubierto infantil, porción de tamaño infantil, colores naturales vivos del alimento, aspecto casero y fresco, sin manos, sin personas, sin texto, sin letras, sin marcas, sin empaques comerciales. Porción para llevar sobre servilleta de tela, presentación sencilla. PLATILLO: Bocaditos de Chocolate y Avellana, con maní, almendras, avellanas, servido de forma apetitosa y natural"
bolitas-de-brocoli-pollo-y-papa,almuerzo,receta-bolitas-de-brocoli-pollo-y-papa.webp,1:1,"Fotografía gastronómica apetitosa y realista de comida para niños, servida sobre mesa de madera clara, luz natural suave de ventana lateral, ángulo cenital a 45 grados, fondo cálido neutro ligeramente desenfocado, props mínimos: servilleta de tela en tono verde manzana o menta y cubierto infantil, porción de tamaño infantil, colores naturales vivos del alimento, aspecto casero y fresco, sin manos, sin personas, sin texto, sin letras, sin marcas, sin empaques comerciales. Plato principal servido en plato infantil de cerámica crema, porción pequeña. PLATILLO: Bolitas de Brócoli, Pollo y Papa, con brócoli, pechuga de pollo, papa, servido de forma apetitosa y natural"
bolitas-de-espinacas-y-queso,colacion,receta-bolitas-de-espinacas-y-queso.webp,1:1,"Fotografía gastronómica apetitosa y realista de comida para niños, servida sobre mesa de madera clara, luz natural suave de ventana lateral, ángulo cenital a 45 grados, fondo cálido neutro ligeramente desenfocado, props mínimos: servilleta de tela en tono verde manzana o menta y cubierto infantil, porción de tamaño infantil, colores naturales vivos del alimento, aspecto casero y fresco, sin manos, sin personas, sin texto, sin letras, sin marcas, sin empaques comerciales. Porción para llevar sobre servilleta de tela, presentación sencilla. PLATILLO: Bolitas de Espinacas y Queso, con espinaca fresca, queso ricotta o mozzarella rallada, huevo, servido de forma apetitosa y natural"
bolitas-de-nueces-y-ciruelas,colacion,receta-bolitas-de-nueces-y-ciruelas.webp,1:1,"Fotografía gastronómica apetitosa y realista de comida para niños, servida sobre mesa de madera clara, luz natural suave de ventana lateral, ángulo cenital a 45 grados, fondo cálido neutro ligeramente desenfocado, props mínimos: servilleta de tela en tono verde manzana o menta y cubierto infantil, porción de tamaño infantil, colores naturales vivos del alimento, aspecto casero y fresco, sin manos, sin personas, sin texto, sin letras, sin marcas, sin empaques comerciales. Porción para llevar sobre servilleta de tela, presentación sencilla. PLATILLO: Bolitas de Nueces y Ciruelas, con nueces, ciruelas pasas sin hueso, coco rallado deshidratado, servido de forma apetitosa y natural"
bolitas-de-pollo,almuerzo,receta-bolitas-de-pollo.webp,1:1,"Fotografía gastronómica apetitosa y realista de comida para niños, servida sobre mesa de madera clara, luz natural suave de ventana lateral, ángulo cenital a 45 grados, fondo cálido neutro ligeramente desenfocado, props mínimos: servilleta de tela en tono verde manzana o menta y cubierto infantil, porción de tamaño infantil, colores naturales vivos del alimento, aspecto casero y fresco, sin manos, sin personas, sin texto, sin letras, sin marcas, sin empaques comerciales. Plato principal servido en plato infantil de cerámica crema, porción pequeña. PLATILLO: Bolitas de Pollo, con pechuga de pollo molida, avena molida, huevo, servido de forma apetitosa y natural"
bolitas-energeticas-en-palito,postre,receta-bolitas-energeticas-en-palito.webp,1:1,"Fotografía gastronómica apetitosa y realista de comida para niños, servida sobre mesa de madera clara, luz natural suave de ventana lateral, ángulo cenital a 45 grados, fondo cálido neutro ligeramente desenfocado, props mínimos: servilleta de tela en tono verde manzana o menta y cubierto infantil, porción de tamaño infantil, colores naturales vivos del alimento, aspecto casero y fresco, sin manos, sin personas, sin texto, sin letras, sin marcas, sin empaques comerciales. Porción individual pequeña en recipiente infantil, presentación sencilla sin decoración excesiva. PLATILLO: Bolitas Energéticas en Palito, con avena en hojuelas, mantequilla de maní, miel, servido de forma apetitosa y natural"
bombones-de-chocolate-y-frutos-secos,colacion,receta-bombones-de-chocolate-y-frutos-secos.webp,1:1,"Fotografía gastronómica apetitosa y realista de comida para niños, servida sobre mesa de madera clara, luz natural suave de ventana lateral, ángulo cenital a 45 grados, fondo cálido neutro ligeramente desenfocado, props mínimos: servilleta de tela en tono verde manzana o menta y cubierto infantil, porción de tamaño infantil, colores naturales vivos del alimento, aspecto casero y fresco, sin manos, sin personas, sin texto, sin letras, sin marcas, sin empaques comerciales. Porción para llevar sobre servilleta de tela, presentación sencilla. PLATILLO: Bombones de Chocolate y Frutos Secos, con dátiles sin semilla, almendras molidas, cacao en polvo sin azúcar, servido de forma apetitosa y natural"
bombones-de-fruta,colacion,receta-bombones-de-fruta.webp,1:1,"Fotografía gastronómica apetitosa y realista de comida para niños, servida sobre mesa de madera clara, luz natural suave de ventana lateral, ángulo cenital a 45 grados, fondo cálido neutro ligeramente desenfocado, props mínimos: servilleta de tela en tono verde manzana o menta y cubierto infantil, porción de tamaño infantil, colores naturales vivos del alimento, aspecto casero y fresco, sin manos, sin personas, sin texto, sin letras, sin marcas, sin empaques comerciales. Porción para llevar sobre servilleta de tela, presentación sencilla. PLATILLO: Bombones de Fruta, con fruta variada, frutos secos, mantequilla de maní natural, servido de forma apetitosa y natural"
brochetas-de-mini-panqueques,colacion,receta-brochetas-de-mini-panqueques.webp,1:1,"Fotografía gastronómica apetitosa y realista de comida para niños, servida sobre mesa de madera clara, luz natural suave de ventana lateral, ángulo cenital a 45 grados, fondo cálido neutro ligeramente desenfocado, props mínimos: servilleta de tela en tono verde manzana o menta y cubierto infantil, porción de tamaño infantil, colores naturales vivos del alimento, aspecto casero y fresco, sin manos, sin personas, sin texto, sin letras, sin marcas, sin empaques comerciales. Porción para llevar sobre servilleta de tela, presentación sencilla. PLATILLO: Brochetas de Mini Panqueques, con harina de avena, huevo, leche, servido de forma apetitosa y natural"
brownies-saludables,postre,receta-brownies-saludables.webp,1:1,"Fotografía gastronómica apetitosa y realista de comida para niños, servida sobre mesa de madera clara, luz natural suave de ventana lateral, ángulo cenital a 45 grados, fondo cálido neutro ligeramente desenfocado, props mínimos: servilleta de tela en tono verde manzana o menta y cubierto infantil, porción de tamaño infantil, colores naturales vivos del alimento, aspecto casero y fresco, sin manos, sin personas, sin texto, sin letras, sin marcas, sin empaques comerciales. Porción individual pequeña en recipiente infantil, presentación sencilla sin decoración excesiva. PLATILLO: Brownies Saludables, con huevo, cacao en polvo, miel o azúcar, servido de forma apetitosa y natural"
budin-de-pan-y-platano,postre,receta-budin-de-pan-y-platano.webp,1:1,"Fotografía gastronómica apetitosa y realista de comida para niños, servida sobre mesa de madera clara, luz natural suave de ventana lateral, ángulo cenital a 45 grados, fondo cálido neutro ligeramente desenfocado, props mínimos: servilleta de tela en tono verde manzana o menta y cubierto infantil, porción de tamaño infantil, colores naturales vivos del alimento, aspecto casero y fresco, sin manos, sin personas, sin texto, sin letras, sin marcas, sin empaques comerciales. Porción individual pequeña en recipiente infantil, presentación sencilla sin decoración excesiva. PLATILLO: Budín de Pan y Plátano, con pan integral, leche entera, plátano, servido de forma apetitosa y natural"
burrito-de-frijoles,lonchera,receta-burrito-de-frijoles.webp,1:1,"Fotografía gastronómica apetitosa y realista de comida para niños, servida sobre mesa de madera clara, luz natural suave de ventana lateral, ángulo cenital a 45 grados, fondo cálido neutro ligeramente desenfocado, props mínimos: servilleta de tela en tono verde manzana o menta y cubierto infantil, porción de tamaño infantil, colores naturales vivos del alimento, aspecto casero y fresco, sin manos, sin personas, sin texto, sin letras, sin marcas, sin empaques comerciales. Servido dentro de un compartimento de lonchera bento abierta, vista cenital. PLATILLO: Burrito de Frijoles, con tortilla integral, frijoles cocidos, queso rallado, servido de forma apetitosa y natural"
caldo-de-pescado,almuerzo,receta-caldo-de-pescado.webp,1:1,"Fotografía gastronómica apetitosa y realista de comida para niños, servida sobre mesa de madera clara, luz natural suave de ventana lateral, ángulo cenital a 45 grados, fondo cálido neutro ligeramente desenfocado, props mínimos: servilleta de tela en tono verde manzana o menta y cubierto infantil, porción de tamaño infantil, colores naturales vivos del alimento, aspecto casero y fresco, sin manos, sin personas, sin texto, sin letras, sin marcas, sin empaques comerciales. Plato principal servido en plato infantil de cerámica crema, porción pequeña. PLATILLO: Caldo de Pescado, con pescado blanco, zanahoria, papa, servido de forma apetitosa y natural"
caldo-de-pollo,almuerzo,receta-caldo-de-pollo.webp,1:1,"Fotografía gastronómica apetitosa y realista de comida para niños, servida sobre mesa de madera clara, luz natural suave de ventana lateral, ángulo cenital a 45 grados, fondo cálido neutro ligeramente desenfocado, props mínimos: servilleta de tela en tono verde manzana o menta y cubierto infantil, porción de tamaño infantil, colores naturales vivos del alimento, aspecto casero y fresco, sin manos, sin personas, sin texto, sin letras, sin marcas, sin empaques comerciales. Plato principal servido en plato infantil de cerámica crema, porción pequeña. PLATILLO: Caldo de Pollo, con pechuga de pollo, zanahoria, servido de forma apetitosa y natural"
caldo-de-verduras,almuerzo,receta-caldo-de-verduras.webp,1:1,"Fotografía gastronómica apetitosa y realista de comida para niños, servida sobre mesa de madera clara, luz natural suave de ventana lateral, ángulo cenital a 45 grados, fondo cálido neutro ligeramente desenfocado, props mínimos: servilleta de tela en tono verde manzana o menta y cubierto infantil, porción de tamaño infantil, colores naturales vivos del alimento, aspecto casero y fresco, sin manos, sin personas, sin texto, sin letras, sin marcas, sin empaques comerciales. Plato principal servido en plato infantil de cerámica crema, porción pequeña. PLATILLO: Caldo de Verduras, con zanahoria, papa, calabacín, servido de forma apetitosa y natural"
cerdo-con-verduras,almuerzo,receta-cerdo-con-verduras.webp,1:1,"Fotografía gastronómica apetitosa y realista de comida para niños, servida sobre mesa de madera clara, luz natural suave de ventana lateral, ángulo cenital a 45 grados, fondo cálido neutro ligeramente desenfocado, props mínimos: servilleta de tela en tono verde manzana o menta y cubierto infantil, porción de tamaño infantil, colores naturales vivos del alimento, aspecto casero y fresco, sin manos, sin personas, sin texto, sin letras, sin marcas, sin empaques comerciales. Plato principal servido en plato infantil de cerámica crema, porción pequeña. PLATILLO: Cerdo con Verduras, con carne de cerdo magra, zanahoria, papa, servido de forma apetitosa y natural"
chips-de-verduras-y-frutas,colacion,receta-chips-de-verduras-y-frutas.webp,1:1,"Fotografía gastronómica apetitosa y realista de comida para niños, servida sobre mesa de madera clara, luz natural suave de ventana lateral, ángulo cenital a 45 grados, fondo cálido neutro ligeramente desenfocado, props mínimos: servilleta de tela en tono verde manzana o menta y cubierto infantil, porción de tamaño infantil, colores naturales vivos del alimento, aspecto casero y fresco, sin manos, sin personas, sin texto, sin letras, sin marcas, sin empaques comerciales. Porción para llevar sobre servilleta de tela, presentación sencilla. PLATILLO: Chips de Verduras y Frutas Deshidratadas, con manzanas, calabacines, naranja, servido de forma apetitosa y natural"
chorizo-de-vegetales,lonchera,receta-chorizo-de-vegetales.webp,1:1,"Fotografía gastronómica apetitosa y realista de comida para niños, servida sobre mesa de madera clara, luz natural suave de ventana lateral, ángulo cenital a 45 grados, fondo cálido neutro ligeramente desenfocado, props mínimos: servilleta de tela en tono verde manzana o menta y cubierto infantil, porción de tamaño infantil, colores naturales vivos del alimento, aspecto casero y fresco, sin manos, sin personas, sin texto, sin letras, sin marcas, sin empaques comerciales. Servido dentro de un compartimento de lonchera bento abierta, vista cenital. PLATILLO: Chorizo de Vegetales, con lentejas cocidas, avena molida, comino molido, servido de forma apetitosa y natural"
churros-caseros-de-avena,postre,receta-churros-caseros-de-avena.webp,1:1,"Fotografía gastronómica apetitosa y realista de comida para niños, servida sobre mesa de madera clara, luz natural suave de ventana lateral, ángulo cenital a 45 grados, fondo cálido neutro ligeramente desenfocado, props mínimos: servilleta de tela en tono verde manzana o menta y cubierto infantil, porción de tamaño infantil, colores naturales vivos del alimento, aspecto casero y fresco, sin manos, sin personas, sin texto, sin letras, sin marcas, sin empaques comerciales. Porción individual pequeña en recipiente infantil, presentación sencilla sin decoración excesiva. PLATILLO: Churros caseros de avena, con harina de avena, servido de forma apetitosa y natural"
compota-de-pera-y-canela,colacion,receta-compota-de-pera-y-canela.webp,1:1,"Fotografía gastronómica apetitosa y realista de comida para niños, servida sobre mesa de madera clara, luz natural suave de ventana lateral, ángulo cenital a 45 grados, fondo cálido neutro ligeramente desenfocado, props mínimos: servilleta de tela en tono verde manzana o menta y cubierto infantil, porción de tamaño infantil, colores naturales vivos del alimento, aspecto casero y fresco, sin manos, sin personas, sin texto, sin letras, sin marcas, sin empaques comerciales. Porción para llevar sobre servilleta de tela, presentación sencilla. PLATILLO: Compota de Pera y Canela, con pera, servido de forma apetitosa y natural"
costillas-de-cerdo-al-horno-con-papas,almuerzo,receta-costillas-de-cerdo-al-horno-con-papas.webp,1:1,"Fotografía gastronómica apetitosa y realista de comida para niños, servida sobre mesa de madera clara, luz natural suave de ventana lateral, ángulo cenital a 45 grados, fondo cálido neutro ligeramente desenfocado, props mínimos: servilleta de tela en tono verde manzana o menta y cubierto infantil, porción de tamaño infantil, colores naturales vivos del alimento, aspecto casero y fresco, sin manos, sin personas, sin texto, sin letras, sin marcas, sin empaques comerciales. Plato principal servido en plato infantil de cerámica crema, porción pequeña. PLATILLO: Costillas de Cerdo al Horno con Papas, con costilla de cerdo, papa, servido de forma apetitosa y natural"
crema-de-avellanas-y-cacao,colacion,receta-crema-de-avellanas-y-cacao.webp,1:1,"Fotografía gastronómica apetitosa y realista de comida para niños, servida sobre mesa de madera clara, luz natural suave de ventana lateral, ángulo cenital a 45 grados, fondo cálido neutro ligeramente desenfocado, props mínimos: servilleta de tela en tono verde manzana o menta y cubierto infantil, porción de tamaño infantil, colores naturales vivos del alimento, aspecto casero y fresco, sin manos, sin personas, sin texto, sin letras, sin marcas, sin empaques comerciales. Porción para llevar sobre servilleta de tela, presentación sencilla. PLATILLO: Crema de Avellanas y Cacao Casera, con avellana tostada, cacao en polvo, miel, servido de forma apetitosa y natural"
crema-de-calabaza,almuerzo,receta-crema-de-calabaza.webp,1:1,"Fotografía gastronómica apetitosa y realista de comida para niños, servida sobre mesa de madera clara, luz natural suave de ventana lateral, ángulo cenital a 45 grados, fondo cálido neutro ligeramente desenfocado, props mínimos: servilleta de tela en tono verde manzana o menta y cubierto infantil, porción de tamaño infantil, colores naturales vivos del alimento, aspecto casero y fresco, sin manos, sin personas, sin texto, sin letras, sin marcas, sin empaques comerciales. Plato principal servido en plato infantil de cerámica crema, porción pequeña. PLATILLO: Crema de Calabaza, con calabaza, zanahoria, servido de forma apetitosa y natural"
crema-de-semola-con-durazno,desayuno,receta-crema-de-semola-con-durazno.webp,1:1,"Fotografía gastronómica apetitosa y realista de comida para niños, servida sobre mesa de madera clara, luz natural suave de ventana lateral, ángulo cenital a 45 grados, fondo cálido neutro ligeramente desenfocado, props mínimos: servilleta de tela en tono verde manzana o menta y cubierto infantil, porción de tamaño infantil, colores naturales vivos del alimento, aspecto casero y fresco, sin manos, sin personas, sin texto, sin letras, sin marcas, sin empaques comerciales. Servicio matutino en plato infantil de cerámica crema, luz más clara y fresca. PLATILLO: Crema de Sémola con Durazno, con leche entera, sémola de trigo, durazno, servido de forma apetitosa y natural"
cremita-de-durazno-y-requeson,postre,receta-cremita-de-durazno-y-requeson.webp,1:1,"Fotografía gastronómica apetitosa y realista de comida para niños, servida sobre mesa de madera clara, luz natural suave de ventana lateral, ángulo cenital a 45 grados, fondo cálido neutro ligeramente desenfocado, props mínimos: servilleta de tela en tono verde manzana o menta y cubierto infantil, porción de tamaño infantil, colores naturales vivos del alimento, aspecto casero y fresco, sin manos, sin personas, sin texto, sin letras, sin marcas, sin empaques comerciales. Porción individual pequeña en recipiente infantil, presentación sencilla sin decoración excesiva. PLATILLO: Cremita de Durazno y Requesón, con durazno, requesón, canela en polvo, servido de forma apetitosa y natural"
crepes-de-avena,desayuno,receta-crepes-de-avena.webp,1:1,"Fotografía gastronómica apetitosa y realista de comida para niños, servida sobre mesa de madera clara, luz natural suave de ventana lateral, ángulo cenital a 45 grados, fondo cálido neutro ligeramente desenfocado, props mínimos: servilleta de tela en tono verde manzana o menta y cubierto infantil, porción de tamaño infantil, colores naturales vivos del alimento, aspecto casero y fresco, sin manos, sin personas, sin texto, sin letras, sin marcas, sin empaques comerciales. Servicio matutino en plato infantil de cerámica crema, luz más clara y fresca. PLATILLO: Crepes de Avena, con avena en hojuelas o harina de avena, leche o agua, huevo, servido de forma apetitosa y natural"
crepes-de-queso,almuerzo,receta-crepes-de-queso.webp,1:1,"Fotografía gastronómica apetitosa y realista de comida para niños, servida sobre mesa de madera clara, luz natural suave de ventana lateral, ángulo cenital a 45 grados, fondo cálido neutro ligeramente desenfocado, props mínimos: servilleta de tela en tono verde manzana o menta y cubierto infantil, porción de tamaño infantil, colores naturales vivos del alimento, aspecto casero y fresco, sin manos, sin personas, sin texto, sin letras, sin marcas, sin empaques comerciales. Plato principal servido en plato infantil de cerámica crema, porción pequeña. PLATILLO: Crepes de Queso, con leche, harina de trigo, mantequilla, servido de forma apetitosa y natural"
croquetas-de-arroz,lonchera,receta-croquetas-de-arroz.webp,1:1,"Fotografía gastronómica apetitosa y realista de comida para niños, servida sobre mesa de madera clara, luz natural suave de ventana lateral, ángulo cenital a 45 grados, fondo cálido neutro ligeramente desenfocado, props mínimos: servilleta de tela en tono verde manzana o menta y cubierto infantil, porción de tamaño infantil, colores naturales vivos del alimento, aspecto casero y fresco, sin manos, sin personas, sin texto, sin letras, sin marcas, sin empaques comerciales. Servido dentro de un compartimento de lonchera bento abierta, vista cenital. PLATILLO: Croquetas de Arroz, con arroz cocido, huevo, queso mozzarella rallado, servido de forma apetitosa y natural"
croquetas-de-calabaza-y-brocoli,almuerzo,receta-croquetas-de-calabaza-y-brocoli.webp,1:1,"Fotografía gastronómica apetitosa y realista de comida para niños, servida sobre mesa de madera clara, luz natural suave de ventana lateral, ángulo cenital a 45 grados, fondo cálido neutro ligeramente desenfocado, props mínimos: servilleta de tela en tono verde manzana o menta y cubierto infantil, porción de tamaño infantil, colores naturales vivos del alimento, aspecto casero y fresco, sin manos, sin personas, sin texto, sin letras, sin marcas, sin empaques comerciales. Plato principal servido en plato infantil de cerámica crema, porción pequeña. PLATILLO: Croquetas de Calabaza y Brócoli, con calabaza cocida y triturada, brócoli cocido, huevo, servido de forma apetitosa y natural"
croquetas-de-pollo-y-brocoli,cena,receta-croquetas-de-pollo-y-brocoli.webp,1:1,"Fotografía gastronómica apetitosa y realista de comida para niños, servida sobre mesa de madera clara, luz natural suave de ventana lateral, ángulo cenital a 45 grados, fondo cálido neutro ligeramente desenfocado, props mínimos: servilleta de tela en tono verde manzana o menta y cubierto infantil, porción de tamaño infantil, colores naturales vivos del alimento, aspecto casero y fresco, sin manos, sin personas, sin texto, sin letras, sin marcas, sin empaques comerciales. Plato principal servido en plato infantil de cerámica crema, porción pequeña, ambiente cálido de cena. PLATILLO: Croquetas de pollo y brócoli sin huevo, con brócoli, muslos de pollo, harina de garbanzo, servido de forma apetitosa y natural"
croquetas-de-verduras-al-horno,almuerzo,receta-croquetas-de-verduras-al-horno.webp,1:1,"Fotografía gastronómica apetitosa y realista de comida para niños, servida sobre mesa de madera clara, luz natural suave de ventana lateral, ángulo cenital a 45 grados, fondo cálido neutro ligeramente desenfocado, props mínimos: servilleta de tela en tono verde manzana o menta y cubierto infantil, porción de tamaño infantil, colores naturales vivos del alimento, aspecto casero y fresco, sin manos, sin personas, sin texto, sin letras, sin marcas, sin empaques comerciales. Plato principal servido en plato infantil de cerámica crema, porción pequeña. PLATILLO: Croquetas de Verduras al Horno, con zanahoria, calabacita, papa, servido de forma apetitosa y natural"
cuadritos-blandos-de-huevo-avena-y-calabacita,colacion,receta-cuadritos-blandos-de-huevo-avena-y-calabacita.webp,1:1,"Fotografía gastronómica apetitosa y realista de comida para niños, servida sobre mesa de madera clara, luz natural suave de ventana lateral, ángulo cenital a 45 grados, fondo cálido neutro ligeramente desenfocado, props mínimos: servilleta de tela en tono verde manzana o menta y cubierto infantil, porción de tamaño infantil, colores naturales vivos del alimento, aspecto casero y fresco, sin manos, sin personas, sin texto, sin letras, sin marcas, sin empaques comerciales. Porción para llevar sobre servilleta de tela, presentación sencilla. PLATILLO: Cuadritos Blandos de Huevo, Avena y Calabacita, con huevo, calabacita, hojuelas de avena, servido de forma apetitosa y natural"
cupcakes-de-naranja,postre,receta-cupcakes-de-naranja.webp,1:1,"Fotografía gastronómica apetitosa y realista de comida para niños, servida sobre mesa de madera clara, luz natural suave de ventana lateral, ángulo cenital a 45 grados, fondo cálido neutro ligeramente desenfocado, props mínimos: servilleta de tela en tono verde manzana o menta y cubierto infantil, porción de tamaño infantil, colores naturales vivos del alimento, aspecto casero y fresco, sin manos, sin personas, sin texto, sin letras, sin marcas, sin empaques comerciales. Porción individual pequeña en recipiente infantil, presentación sencilla sin decoración excesiva. PLATILLO: Cupcakes de Naranja, con harina de avena, harina de arroz, huevo, servido de forma apetitosa y natural"
cuscus-con-pollo-y-verduras,almuerzo,receta-cuscus-con-pollo-y-verduras.webp,1:1,"Fotografía gastronómica apetitosa y realista de comida para niños, servida sobre mesa de madera clara, luz natural suave de ventana lateral, ángulo cenital a 45 grados, fondo cálido neutro ligeramente desenfocado, props mínimos: servilleta de tela en tono verde manzana o menta y cubierto infantil, porción de tamaño infantil, colores naturales vivos del alimento, aspecto casero y fresco, sin manos, sin personas, sin texto, sin letras, sin marcas, sin empaques comerciales. Plato principal servido en plato infantil de cerámica crema, porción pequeña. PLATILLO: Cuscús con Pollo y Verduras, con cuscús, pechuga de pollo, pimiento rojo, servido de forma apetitosa y natural"
deditos-de-pescado-empanizados,lonchera,receta-deditos-de-pescado-empanizados.webp,1:1,"Fotografía gastronómica apetitosa y realista de comida para niños, servida sobre mesa de madera clara, luz natural suave de ventana lateral, ángulo cenital a 45 grados, fondo cálido neutro ligeramente desenfocado, props mínimos: servilleta de tela en tono verde manzana o menta y cubierto infantil, porción de tamaño infantil, colores naturales vivos del alimento, aspecto casero y fresco, sin manos, sin personas, sin texto, sin letras, sin marcas, sin empaques comerciales. Servido dentro de un compartimento de lonchera bento abierta, vista cenital. PLATILLO: Deditos de Pescado Empanizados, con filete de pescado blanco, huevo, pan rallado, servido de forma apetitosa y natural"
dedos-blandos-de-lenteja-y-calabaza,colacion,receta-dedos-blandos-de-lenteja-y-calabaza.webp,1:1,"Fotografía gastronómica apetitosa y realista de comida para niños, servida sobre mesa de madera clara, luz natural suave de ventana lateral, ángulo cenital a 45 grados, fondo cálido neutro ligeramente desenfocado, props mínimos: servilleta de tela en tono verde manzana o menta y cubierto infantil, porción de tamaño infantil, colores naturales vivos del alimento, aspecto casero y fresco, sin manos, sin personas, sin texto, sin letras, sin marcas, sin empaques comerciales. Porción para llevar sobre servilleta de tela, presentación sencilla. PLATILLO: Dedos Blandos de Lenteja y Calabaza, con lentejas rojas secas, calabaza, hojuelas de avena molidas, servido de forma apetitosa y natural"
donas-caseras,postre,receta-donas-caseras.webp,1:1,"Fotografía gastronómica apetitosa y realista de comida para niños, servida sobre mesa de madera clara, luz natural suave de ventana lateral, ángulo cenital a 45 grados, fondo cálido neutro ligeramente desenfocado, props mínimos: servilleta de tela en tono verde manzana o menta y cubierto infantil, porción de tamaño infantil, colores naturales vivos del alimento, aspecto casero y fresco, sin manos, sin personas, sin texto, sin letras, sin marcas, sin empaques comerciales. Porción individual pequeña en recipiente infantil, presentación sencilla sin decoración excesiva. PLATILLO: Donas Caseras, con harina de trigo, levadura seca, azúcar, servido de forma apetitosa y natural"
dulce-de-guayaba,postre,receta-dulce-de-guayaba.webp,1:1,"Fotografía gastronómica apetitosa y realista de comida para niños, servida sobre mesa de madera clara, luz natural suave de ventana lateral, ángulo cenital a 45 grados, fondo cálido neutro ligeramente desenfocado, props mínimos: servilleta de tela en tono verde manzana o menta y cubierto infantil, porción de tamaño infantil, colores naturales vivos del alimento, aspecto casero y fresco, sin manos, sin personas, sin texto, sin letras, sin marcas, sin empaques comerciales. Porción individual pequeña en recipiente infantil, presentación sencilla sin decoración excesiva. PLATILLO: Dulce de Guayaba en Pasta, con guayaba, azúcar morena, canela en rama, servido de forma apetitosa y natural"
dulcecito-de-camote-y-canela,postre,receta-dulcecito-de-camote-y-canela.webp,1:1,"Fotografía gastronómica apetitosa y realista de comida para niños, servida sobre mesa de madera clara, luz natural suave de ventana lateral, ángulo cenital a 45 grados, fondo cálido neutro ligeramente desenfocado, props mínimos: servilleta de tela en tono verde manzana o menta y cubierto infantil, porción de tamaño infantil, colores naturales vivos del alimento, aspecto casero y fresco, sin manos, sin personas, sin texto, sin letras, sin marcas, sin empaques comerciales. Porción individual pequeña en recipiente infantil, presentación sencilla sin decoración excesiva. PLATILLO: Dulcecito de Camote y Canela, con camote, leche materna o fórmula, canela en polvo, servido de forma apetitosa y natural"
empanadas-de-atun,lonchera,receta-empanadas-de-atun.webp,1:1,"Fotografía gastronómica apetitosa y realista de comida para niños, servida sobre mesa de madera clara, luz natural suave de ventana lateral, ángulo cenital a 45 grados, fondo cálido neutro ligeramente desenfocado, props mínimos: servilleta de tela en tono verde manzana o menta y cubierto infantil, porción de tamaño infantil, colores naturales vivos del alimento, aspecto casero y fresco, sin manos, sin personas, sin texto, sin letras, sin marcas, sin empaques comerciales. Servido dentro de un compartimento de lonchera bento abierta, vista cenital. PLATILLO: Empanadas de Atún, con harina de trigo, mantequilla fría, atún en conserva, servido de forma apetitosa y natural"
enrollado-de-garbanzos-y-zanahoria,cena,receta-enrollado-de-garbanzos-y-zanahoria.webp,1:1,"Fotografía gastronómica apetitosa y realista de comida para niños, servida sobre mesa de madera clara, luz natural suave de ventana lateral, ángulo cenital a 45 grados, fondo cálido neutro ligeramente desenfocado, props mínimos: servilleta de tela en tono verde manzana o menta y cubierto infantil, porción de tamaño infantil, colores naturales vivos del alimento, aspecto casero y fresco, sin manos, sin personas, sin texto, sin letras, sin marcas, sin empaques comerciales. Plato principal servido en plato infantil de cerámica crema, porción pequeña, ambiente cálido de cena. PLATILLO: Enrollado de Garbanzos y Zanahoria, con garbanzos cocidos, tortillas de trigo, zanahoria, servido de forma apetitosa y natural"
ensalada-de-frutas-de-invierno,colacion,receta-ensalada-de-frutas-de-invierno.webp,1:1,"Fotografía gastronómica apetitosa y realista de comida para niños, servida sobre mesa de madera clara, luz natural suave de ventana lateral, ángulo cenital a 45 grados, fondo cálido neutro ligeramente desenfocado, props mínimos: servilleta de tela en tono verde manzana o menta y cubierto infantil, porción de tamaño infantil, colores naturales vivos del alimento, aspecto casero y fresco, sin manos, sin personas, sin texto, sin letras, sin marcas, sin empaques comerciales. Porción para llevar sobre servilleta de tela, presentación sencilla. PLATILLO: Ensalada de Frutas de Invierno, con manzana, pera, plátano, servido de forma apetitosa y natural"
ensalada-de-lentejas-con-pollo,almuerzo,receta-ensalada-de-lentejas-con-pollo.webp,1:1,"Fotografía gastronómica apetitosa y realista de comida para niños, servida sobre mesa de madera clara, luz natural suave de ventana lateral, ángulo cenital a 45 grados, fondo cálido neutro ligeramente desenfocado, props mínimos: servilleta de tela en tono verde manzana o menta y cubierto infantil, porción de tamaño infantil, colores naturales vivos del alimento, aspecto casero y fresco, sin manos, sin personas, sin texto, sin letras, sin marcas, sin empaques comerciales. Plato principal servido en plato infantil de cerámica crema, porción pequeña. PLATILLO: Ensalada de Lentejas con Pollo, con lentejas cocidas, pechuga de pollo, tomate, servido de forma apetitosa y natural"
ensalada-de-quinua-y-garbanzos,almuerzo,receta-ensalada-de-quinua-y-garbanzos.webp,1:1,"Fotografía gastronómica apetitosa y realista de comida para niños, servida sobre mesa de madera clara, luz natural suave de ventana lateral, ángulo cenital a 45 grados, fondo cálido neutro ligeramente desenfocado, props mínimos: servilleta de tela en tono verde manzana o menta y cubierto infantil, porción de tamaño infantil, colores naturales vivos del alimento, aspecto casero y fresco, sin manos, sin personas, sin texto, sin letras, sin marcas, sin empaques comerciales. Plato principal servido en plato infantil de cerámica crema, porción pequeña. PLATILLO: Ensalada de Quinua y Garbanzos, con quinua cocida, garbanzos cocidos, brócoli, servido de forma apetitosa y natural"
ensalada-dulce,lonchera,receta-ensalada-dulce.webp,1:1,"Fotografía gastronómica apetitosa y realista de comida para niños, servida sobre mesa de madera clara, luz natural suave de ventana lateral, ángulo cenital a 45 grados, fondo cálido neutro ligeramente desenfocado, props mínimos: servilleta de tela en tono verde manzana o menta y cubierto infantil, porción de tamaño infantil, colores naturales vivos del alimento, aspecto casero y fresco, sin manos, sin personas, sin texto, sin letras, sin marcas, sin empaques comerciales. Servido dentro de un compartimento de lonchera bento abierta, vista cenital. PLATILLO: Ensalada Dulce, con yogur griego natural, lechuga, remolacha, servido de forma apetitosa y natural"
espaguetis-carbonara-blw,cena,receta-espaguetis-carbonara-blw.webp,1:1,"Fotografía gastronómica apetitosa y realista de comida para niños, servida sobre mesa de madera clara, luz natural suave de ventana lateral, ángulo cenital a 45 grados, fondo cálido neutro ligeramente desenfocado, props mínimos: servilleta de tela en tono verde manzana o menta y cubierto infantil, porción de tamaño infantil, colores naturales vivos del alimento, aspecto casero y fresco, sin manos, sin personas, sin texto, sin letras, sin marcas, sin empaques comerciales. Plato principal servido en plato infantil de cerámica crema, porción pequeña, ambiente cálido de cena. PLATILLO: Espaguetis a la carbonara BLW sin huevo, con espaguetis integrales, calabacín, queso rallado, servido de forma apetitosa y natural"
espaguetis-de-calabacita-con-tomate,cena,receta-espaguetis-de-calabacita-con-tomate.webp,1:1,"Fotografía gastronómica apetitosa y realista de comida para niños, servida sobre mesa de madera clara, luz natural suave de ventana lateral, ángulo cenital a 45 grados, fondo cálido neutro ligeramente desenfocado, props mínimos: servilleta de tela en tono verde manzana o menta y cubierto infantil, porción de tamaño infantil, colores naturales vivos del alimento, aspecto casero y fresco, sin manos, sin personas, sin texto, sin letras, sin marcas, sin empaques comerciales. Plato principal servido en plato infantil de cerámica crema, porción pequeña, ambiente cálido de cena. PLATILLO: Espaguetis de Calabacita con Tomate, con calabacita, tomate triturado, queso rallado, servido de forma apetitosa y natural"
estofado-de-pollo-y-verduras,almuerzo,receta-estofado-de-pollo-y-verduras.webp,1:1,"Fotografía gastronómica apetitosa y realista de comida para niños, servida sobre mesa de madera clara, luz natural suave de ventana lateral, ángulo cenital a 45 grados, fondo cálido neutro ligeramente desenfocado, props mínimos: servilleta de tela en tono verde manzana o menta y cubierto infantil, porción de tamaño infantil, colores naturales vivos del alimento, aspecto casero y fresco, sin manos, sin personas, sin texto, sin letras, sin marcas, sin empaques comerciales. Plato principal servido en plato infantil de cerámica crema, porción pequeña. PLATILLO: Estofado de Pollo y Verduras, con pechuga de pollo, zanahoria, papa, servido de forma apetitosa y natural"
filetes-de-merluza-al-limon,cena,receta-filetes-de-merluza-al-limon.webp,1:1,"Fotografía gastronómica apetitosa y realista de comida para niños, servida sobre mesa de madera clara, luz natural suave de ventana lateral, ángulo cenital a 45 grados, fondo cálido neutro ligeramente desenfocado, props mínimos: servilleta de tela en tono verde manzana o menta y cubierto infantil, porción de tamaño infantil, colores naturales vivos del alimento, aspecto casero y fresco, sin manos, sin personas, sin texto, sin letras, sin marcas, sin empaques comerciales. Plato principal servido en plato infantil de cerámica crema, porción pequeña, ambiente cálido de cena. PLATILLO: Filetes de Merluza al Limón, con filetes de merluza, servido de forma apetitosa y natural"
flan-suave-de-platano,postre,receta-flan-suave-de-platano.webp,1:1,"Fotografía gastronómica apetitosa y realista de comida para niños, servida sobre mesa de madera clara, luz natural suave de ventana lateral, ángulo cenital a 45 grados, fondo cálido neutro ligeramente desenfocado, props mínimos: servilleta de tela en tono verde manzana o menta y cubierto infantil, porción de tamaño infantil, colores naturales vivos del alimento, aspecto casero y fresco, sin manos, sin personas, sin texto, sin letras, sin marcas, sin empaques comerciales. Porción individual pequeña en recipiente infantil, presentación sencilla sin decoración excesiva. PLATILLO: Flan Suave de Plátano, con plátano, leche entera, huevo, servido de forma apetitosa y natural"
frijoles-blancos-con-costillas-de-cerdo,almuerzo,receta-frijoles-blancos-con-costillas-de-cerdo.webp,1:1,"Fotografía gastronómica apetitosa y realista de comida para niños, servida sobre mesa de madera clara, luz natural suave de ventana lateral, ángulo cenital a 45 grados, fondo cálido neutro ligeramente desenfocado, props mínimos: servilleta de tela en tono verde manzana o menta y cubierto infantil, porción de tamaño infantil, colores naturales vivos del alimento, aspecto casero y fresco, sin manos, sin personas, sin texto, sin letras, sin marcas, sin empaques comerciales. Plato principal servido en plato infantil de cerámica crema, porción pequeña. PLATILLO: Frijoles Blancos con Costillas de Cerdo, con frijoles blancos cocidos, costilla de cerdo, servido de forma apetitosa y natural"
frutero-del-recreo,lonchera,receta-frutero-del-recreo.webp,1:1,"Fotografía gastronómica apetitosa y realista de comida para niños, servida sobre mesa de madera clara, luz natural suave de ventana lateral, ángulo cenital a 45 grados, fondo cálido neutro ligeramente desenfocado, props mínimos: servilleta de tela en tono verde manzana o menta y cubierto infantil, porción de tamaño infantil, colores naturales vivos del alimento, aspecto casero y fresco, sin manos, sin personas, sin texto, sin letras, sin marcas, sin empaques comerciales. Servido dentro de un compartimento de lonchera bento abierta, vista cenital. PLATILLO: Frutero del Recreo, con mandarina, manzana, uvas sin semilla, servido de forma apetitosa y natural"
galletas-clasicas-de-avena-y-platano,colacion,receta-galletas-clasicas-de-avena-y-platano.webp,1:1,"Fotografía gastronómica apetitosa y realista de comida para niños, servida sobre mesa de madera clara, luz natural suave de ventana lateral, ángulo cenital a 45 grados, fondo cálido neutro ligeramente desenfocado, props mínimos: servilleta de tela en tono verde manzana o menta y cubierto infantil, porción de tamaño infantil, colores naturales vivos del alimento, aspecto casero y fresco, sin manos, sin personas, sin texto, sin letras, sin marcas, sin empaques comerciales. Porción para llevar sobre servilleta de tela, presentación sencilla. PLATILLO: Galletas clásicas de avena y plátano, con harina de avena, puré de plátano maduro, servido de forma apetitosa y natural"
galletas-de-almendra-y-miel,colacion,receta-galletas-de-almendra-y-miel.webp,1:1,"Fotografía gastronómica apetitosa y realista de comida para niños, servida sobre mesa de madera clara, luz natural suave de ventana lateral, ángulo cenital a 45 grados, fondo cálido neutro ligeramente desenfocado, props mínimos: servilleta de tela en tono verde manzana o menta y cubierto infantil, porción de tamaño infantil, colores naturales vivos del alimento, aspecto casero y fresco, sin manos, sin personas, sin texto, sin letras, sin marcas, sin empaques comerciales. Porción para llevar sobre servilleta de tela, presentación sencilla. PLATILLO: Galletas de Almendra y Miel, con harina de almendras, harina de avena, huevo, servido de forma apetitosa y natural"
galletas-de-avena-y-manzana-sin-huevo,colacion,receta-galletas-de-avena-y-manzana-sin-huevo.webp,1:1,"Fotografía gastronómica apetitosa y realista de comida para niños, servida sobre mesa de madera clara, luz natural suave de ventana lateral, ángulo cenital a 45 grados, fondo cálido neutro ligeramente desenfocado, props mínimos: servilleta de tela en tono verde manzana o menta y cubierto infantil, porción de tamaño infantil, colores naturales vivos del alimento, aspecto casero y fresco, sin manos, sin personas, sin texto, sin letras, sin marcas, sin empaques comerciales. Porción para llevar sobre servilleta de tela, presentación sencilla. PLATILLO: Galletas de avena y manzana (sin huevo), con harina de avena, puré de manzana, servido de forma apetitosa y natural"
galletas-de-avena-y-manzana,colacion,receta-galletas-de-avena-y-manzana.webp,1:1,"Fotografía gastronómica apetitosa y realista de comida para niños, servida sobre mesa de madera clara, luz natural suave de ventana lateral, ángulo cenital a 45 grados, fondo cálido neutro ligeramente desenfocado, props mínimos: servilleta de tela en tono verde manzana o menta y cubierto infantil, porción de tamaño infantil, colores naturales vivos del alimento, aspecto casero y fresco, sin manos, sin personas, sin texto, sin letras, sin marcas, sin empaques comerciales. Porción para llevar sobre servilleta de tela, presentación sencilla. PLATILLO: Galletas de Avena y Manzana, con manzana, harina de avena, hojuelas de avena, servido de forma apetitosa y natural"
galletas-de-chocolate,colacion,receta-galletas-de-chocolate.webp,1:1,"Fotografía gastronómica apetitosa y realista de comida para niños, servida sobre mesa de madera clara, luz natural suave de ventana lateral, ángulo cenital a 45 grados, fondo cálido neutro ligeramente desenfocado, props mínimos: servilleta de tela en tono verde manzana o menta y cubierto infantil, porción de tamaño infantil, colores naturales vivos del alimento, aspecto casero y fresco, sin manos, sin personas, sin texto, sin letras, sin marcas, sin empaques comerciales. Porción para llevar sobre servilleta de tela, presentación sencilla. PLATILLO: Galletas de Chocolate, con harina de almendras, cacao en polvo sin azúcar, mantequilla de maní, servido de forma apetitosa y natural"
galletas-de-coco,colacion,receta-galletas-de-coco.webp,1:1,"Fotografía gastronómica apetitosa y realista de comida para niños, servida sobre mesa de madera clara, luz natural suave de ventana lateral, ángulo cenital a 45 grados, fondo cálido neutro ligeramente desenfocado, props mínimos: servilleta de tela en tono verde manzana o menta y cubierto infantil, porción de tamaño infantil, colores naturales vivos del alimento, aspecto casero y fresco, sin manos, sin personas, sin texto, sin letras, sin marcas, sin empaques comerciales. Porción para llevar sobre servilleta de tela, presentación sencilla. PLATILLO: Galletas de Coco, con plátano, huevo, coco deshidratado sin azúcar, servido de forma apetitosa y natural"
galletas-rellenas-de-ciruela-pasa,lonchera,receta-galletas-rellenas-de-ciruela-pasa.webp,1:1,"Fotografía gastronómica apetitosa y realista de comida para niños, servida sobre mesa de madera clara, luz natural suave de ventana lateral, ángulo cenital a 45 grados, fondo cálido neutro ligeramente desenfocado, props mínimos: servilleta de tela en tono verde manzana o menta y cubierto infantil, porción de tamaño infantil, colores naturales vivos del alimento, aspecto casero y fresco, sin manos, sin personas, sin texto, sin letras, sin marcas, sin empaques comerciales. Servido dentro de un compartimento de lonchera bento abierta, vista cenital. PLATILLO: Galletas Rellenas de Ciruela Pasa, con ciruelas pasas sin hueso, jugo de naranja, harina de trigo integral, servido de forma apetitosa y natural"
garbancitos-en-salsa-de-tomate,almuerzo,receta-garbancitos-en-salsa-de-tomate.webp,1:1,"Fotografía gastronómica apetitosa y realista de comida para niños, servida sobre mesa de madera clara, luz natural suave de ventana lateral, ángulo cenital a 45 grados, fondo cálido neutro ligeramente desenfocado, props mínimos: servilleta de tela en tono verde manzana o menta y cubierto infantil, porción de tamaño infantil, colores naturales vivos del alimento, aspecto casero y fresco, sin manos, sin personas, sin texto, sin letras, sin marcas, sin empaques comerciales. Plato principal servido en plato infantil de cerámica crema, porción pequeña. PLATILLO: Garbancitos en Salsa de Tomate, con garbanzos cocidos, tomate maduro grande, pimiento rojo, servido de forma apetitosa y natural"
garbanzos-con-pescado-blanco-y-tomate,almuerzo,receta-garbanzos-con-pescado-blanco-y-tomate.webp,1:1,"Fotografía gastronómica apetitosa y realista de comida para niños, servida sobre mesa de madera clara, luz natural suave de ventana lateral, ángulo cenital a 45 grados, fondo cálido neutro ligeramente desenfocado, props mínimos: servilleta de tela en tono verde manzana o menta y cubierto infantil, porción de tamaño infantil, colores naturales vivos del alimento, aspecto casero y fresco, sin manos, sin personas, sin texto, sin letras, sin marcas, sin empaques comerciales. Plato principal servido en plato infantil de cerámica crema, porción pequeña. PLATILLO: Guiso de Garbanzos con Pescado Blanco y Tomate, con garbanzos cocidos, pescado blanco, tomate, servido de forma apetitosa y natural"
garbanzos-crujientes,colacion,receta-garbanzos-crujientes.webp,1:1,"Fotografía gastronómica apetitosa y realista de comida para niños, servida sobre mesa de madera clara, luz natural suave de ventana lateral, ángulo cenital a 45 grados, fondo cálido neutro ligeramente desenfocado, props mínimos: servilleta de tela en tono verde manzana o menta y cubierto infantil, porción de tamaño infantil, colores naturales vivos del alimento, aspecto casero y fresco, sin manos, sin personas, sin texto, sin letras, sin marcas, sin empaques comerciales. Porción para llevar sobre servilleta de tela, presentación sencilla. PLATILLO: Garbanzos Crujientes, con garbanzos cocidos, cebolla en polvo, servido de forma apetitosa y natural"
gomitas-de-frutas,colacion,receta-gomitas-de-frutas.webp,1:1,"Fotografía gastronómica apetitosa y realista de comida para niños, servida sobre mesa de madera clara, luz natural suave de ventana lateral, ángulo cenital a 45 grados, fondo cálido neutro ligeramente desenfocado, props mínimos: servilleta de tela en tono verde manzana o menta y cubierto infantil, porción de tamaño infantil, colores naturales vivos del alimento, aspecto casero y fresco, sin manos, sin personas, sin texto, sin letras, sin marcas, sin empaques comerciales. Porción para llevar sobre servilleta de tela, presentación sencilla. PLATILLO: Gomitas de Frutas, con fruta dulce bien madura, gelatina sin sabor, servido de forma apetitosa y natural"
granola-casera,desayuno,receta-granola-casera.webp,1:1,"Fotografía gastronómica apetitosa y realista de comida para niños, servida sobre mesa de madera clara, luz natural suave de ventana lateral, ángulo cenital a 45 grados, fondo cálido neutro ligeramente desenfocado, props mínimos: servilleta de tela en tono verde manzana o menta y cubierto infantil, porción de tamaño infantil, colores naturales vivos del alimento, aspecto casero y fresco, sin manos, sin personas, sin texto, sin letras, sin marcas, sin empaques comerciales. Servicio matutino en plato infantil de cerámica crema, luz más clara y fresca. PLATILLO: Granola Casera, con frutos secos mixtos, avena en hojuelas, ajonjolí, servido de forma apetitosa y natural"
guiso-arcoiris-de-verduras,almuerzo,receta-guiso-arcoiris-de-verduras.webp,1:1,"Fotografía gastronómica apetitosa y realista de comida para niños, servida sobre mesa de madera clara, luz natural suave de ventana lateral, ángulo cenital a 45 grados, fondo cálido neutro ligeramente desenfocado, props mínimos: servilleta de tela en tono verde manzana o menta y cubierto infantil, porción de tamaño infantil, colores naturales vivos del alimento, aspecto casero y fresco, sin manos, sin personas, sin texto, sin letras, sin marcas, sin empaques comerciales. Plato principal servido en plato infantil de cerámica crema, porción pequeña. PLATILLO: Guiso Arcoíris de Verduras, con zanahoria, calabacita, papa, servido de forma apetitosa y natural"
guiso-de-cerdo-con-papas-y-verduras,almuerzo,receta-guiso-de-cerdo-con-papas-y-verduras.webp,1:1,"Fotografía gastronómica apetitosa y realista de comida para niños, servida sobre mesa de madera clara, luz natural suave de ventana lateral, ángulo cenital a 45 grados, fondo cálido neutro ligeramente desenfocado, props mínimos: servilleta de tela en tono verde manzana o menta y cubierto infantil, porción de tamaño infantil, colores naturales vivos del alimento, aspecto casero y fresco, sin manos, sin personas, sin texto, sin letras, sin marcas, sin empaques comerciales. Plato principal servido en plato infantil de cerámica crema, porción pequeña. PLATILLO: Guiso de Cerdo con Papas y Verduras, con lomo de cerdo, papa, zanahoria, servido de forma apetitosa y natural"
guiso-de-pavo-con-papas-y-verduras,almuerzo,receta-guiso-de-pavo-con-papas-y-verduras.webp,1:1,"Fotografía gastronómica apetitosa y realista de comida para niños, servida sobre mesa de madera clara, luz natural suave de ventana lateral, ángulo cenital a 45 grados, fondo cálido neutro ligeramente desenfocado, props mínimos: servilleta de tela en tono verde manzana o menta y cubierto infantil, porción de tamaño infantil, colores naturales vivos del alimento, aspecto casero y fresco, sin manos, sin personas, sin texto, sin letras, sin marcas, sin empaques comerciales. Plato principal servido en plato infantil de cerámica crema, porción pequeña. PLATILLO: Guiso de Pavo con Papas y Verduras, con pavo, papa, zanahoria, servido de forma apetitosa y natural"
guiso-express-de-frijoles-y-platano-maduro,cena,receta-guiso-express-de-frijoles-y-platano-maduro.webp,1:1,"Fotografía gastronómica apetitosa y realista de comida para niños, servida sobre mesa de madera clara, luz natural suave de ventana lateral, ángulo cenital a 45 grados, fondo cálido neutro ligeramente desenfocado, props mínimos: servilleta de tela en tono verde manzana o menta y cubierto infantil, porción de tamaño infantil, colores naturales vivos del alimento, aspecto casero y fresco, sin manos, sin personas, sin texto, sin letras, sin marcas, sin empaques comerciales. Plato principal servido en plato infantil de cerámica crema, porción pequeña, ambiente cálido de cena. PLATILLO: Guiso Express de Frijoles y Plátano Maduro, con frijoles negros cocidos, plátano maduro, tomate, servido de forma apetitosa y natural"
hamburguesa-de-salmon,almuerzo,receta-hamburguesa-de-salmon.webp,1:1,"Fotografía gastronómica apetitosa y realista de comida para niños, servida sobre mesa de madera clara, luz natural suave de ventana lateral, ángulo cenital a 45 grados, fondo cálido neutro ligeramente desenfocado, props mínimos: servilleta de tela en tono verde manzana o menta y cubierto infantil, porción de tamaño infantil, colores naturales vivos del alimento, aspecto casero y fresco, sin manos, sin personas, sin texto, sin letras, sin marcas, sin empaques comerciales. Plato principal servido en plato infantil de cerámica crema, porción pequeña. PLATILLO: Hamburguesa de Salmón, con salmón fresco, pan molido, mostaza, servido de forma apetitosa y natural"
hamburguesa-superpoderosa,almuerzo,receta-hamburguesa-superpoderosa.webp,1:1,"Fotografía gastronómica apetitosa y realista de comida para niños, servida sobre mesa de madera clara, luz natural suave de ventana lateral, ángulo cenital a 45 grados, fondo cálido neutro ligeramente desenfocado, props mínimos: servilleta de tela en tono verde manzana o menta y cubierto infantil, porción de tamaño infantil, colores naturales vivos del alimento, aspecto casero y fresco, sin manos, sin personas, sin texto, sin letras, sin marcas, sin empaques comerciales. Plato principal servido en plato infantil de cerámica crema, porción pequeña. PLATILLO: Hamburguesa Superpoderosa, con carne de res molida magra, zanahoria, pan molido, servido de forma apetitosa y natural"
hamburguesas-de-lentejas-y-papa,almuerzo,receta-hamburguesas-de-lentejas-y-papa.webp,1:1,"Fotografía gastronómica apetitosa y realista de comida para niños, servida sobre mesa de madera clara, luz natural suave de ventana lateral, ángulo cenital a 45 grados, fondo cálido neutro ligeramente desenfocado, props mínimos: servilleta de tela en tono verde manzana o menta y cubierto infantil, porción de tamaño infantil, colores naturales vivos del alimento, aspecto casero y fresco, sin manos, sin personas, sin texto, sin letras, sin marcas, sin empaques comerciales. Plato principal servido en plato infantil de cerámica crema, porción pequeña. PLATILLO: Hamburguesas de Lentejas y Papa, con lentejas, papa, zanahoria, servido de forma apetitosa y natural"
hamburguesas-de-pollo-con-aguacate,almuerzo,receta-hamburguesas-de-pollo-con-aguacate.webp,1:1,"Fotografía gastronómica apetitosa y realista de comida para niños, servida sobre mesa de madera clara, luz natural suave de ventana lateral, ángulo cenital a 45 grados, fondo cálido neutro ligeramente desenfocado, props mínimos: servilleta de tela en tono verde manzana o menta y cubierto infantil, porción de tamaño infantil, colores naturales vivos del alimento, aspecto casero y fresco, sin manos, sin personas, sin texto, sin letras, sin marcas, sin empaques comerciales. Plato principal servido en plato infantil de cerámica crema, porción pequeña. PLATILLO: Hamburguesas de Pollo con Aguacate, con pechuga de pollo molida, aguacate, pan molido, servido de forma apetitosa y natural"
hamburguesas-superpoderosas-de-pollo,almuerzo,receta-hamburguesas-superpoderosas-de-pollo.webp,1:1,"Fotografía gastronómica apetitosa y realista de comida para niños, servida sobre mesa de madera clara, luz natural suave de ventana lateral, ángulo cenital a 45 grados, fondo cálido neutro ligeramente desenfocado, props mínimos: servilleta de tela en tono verde manzana o menta y cubierto infantil, porción de tamaño infantil, colores naturales vivos del alimento, aspecto casero y fresco, sin manos, sin personas, sin texto, sin letras, sin marcas, sin empaques comerciales. Plato principal servido en plato infantil de cerámica crema, porción pequeña. PLATILLO: Hamburguesas Superpoderosas de Pollo y Verduras, con pechuga de pollo molida, zanahoria, calabacita, servido de forma apetitosa y natural"
helado-cremoso-de-platano,postre,receta-helado-cremoso-de-platano.webp,1:1,"Fotografía gastronómica apetitosa y realista de comida para niños, servida sobre mesa de madera clara, luz natural suave de ventana lateral, ángulo cenital a 45 grados, fondo cálido neutro ligeramente desenfocado, props mínimos: servilleta de tela en tono verde manzana o menta y cubierto infantil, porción de tamaño infantil, colores naturales vivos del alimento, aspecto casero y fresco, sin manos, sin personas, sin texto, sin letras, sin marcas, sin empaques comerciales. Porción individual pequeña en recipiente infantil, presentación sencilla sin decoración excesiva. PLATILLO: Helado Cremoso de Plátano, con plátano, leche o bebida vegetal, servido de forma apetitosa y natural"
helado-de-mango-y-avena,postre,receta-helado-de-mango-y-avena.webp,1:1,"Fotografía gastronómica apetitosa y realista de comida para niños, servida sobre mesa de madera clara, luz natural suave de ventana lateral, ángulo cenital a 45 grados, fondo cálido neutro ligeramente desenfocado, props mínimos: servilleta de tela en tono verde manzana o menta y cubierto infantil, porción de tamaño infantil, colores naturales vivos del alimento, aspecto casero y fresco, sin manos, sin personas, sin texto, sin letras, sin marcas, sin empaques comerciales. Porción individual pequeña en recipiente infantil, presentación sencilla sin decoración excesiva. PLATILLO: Helado cremoso de mango y bebida de avena, con mango maduro, bebida de avena, servido de forma apetitosa y natural"
helado-de-mango-y-yogur,postre,receta-helado-de-mango-y-yogur.webp,1:1,"Fotografía gastronómica apetitosa y realista de comida para niños, servida sobre mesa de madera clara, luz natural suave de ventana lateral, ángulo cenital a 45 grados, fondo cálido neutro ligeramente desenfocado, props mínimos: servilleta de tela en tono verde manzana o menta y cubierto infantil, porción de tamaño infantil, colores naturales vivos del alimento, aspecto casero y fresco, sin manos, sin personas, sin texto, sin letras, sin marcas, sin empaques comerciales. Porción individual pequeña en recipiente infantil, presentación sencilla sin decoración excesiva. PLATILLO: Helado de Mango y Yogur, con mango, yogur natural sin azúcar, leche o bebida vegetal, servido de forma apetitosa y natural"
helado-de-mango,postre,receta-helado-de-mango.webp,1:1,"Fotografía gastronómica apetitosa y realista de comida para niños, servida sobre mesa de madera clara, luz natural suave de ventana lateral, ángulo cenital a 45 grados, fondo cálido neutro ligeramente desenfocado, props mínimos: servilleta de tela en tono verde manzana o menta y cubierto infantil, porción de tamaño infantil, colores naturales vivos del alimento, aspecto casero y fresco, sin manos, sin personas, sin texto, sin letras, sin marcas, sin empaques comerciales. Porción individual pequeña en recipiente infantil, presentación sencilla sin decoración excesiva. PLATILLO: Helado de Mango, con mango, servido de forma apetitosa y natural"
helado-de-sandia,postre,receta-helado-de-sandia.webp,1:1,"Fotografía gastronómica apetitosa y realista de comida para niños, servida sobre mesa de madera clara, luz natural suave de ventana lateral, ángulo cenital a 45 grados, fondo cálido neutro ligeramente desenfocado, props mínimos: servilleta de tela en tono verde manzana o menta y cubierto infantil, porción de tamaño infantil, colores naturales vivos del alimento, aspecto casero y fresco, sin manos, sin personas, sin texto, sin letras, sin marcas, sin empaques comerciales. Porción individual pequeña en recipiente infantil, presentación sencilla sin decoración excesiva. PLATILLO: Helado de Sandía, con sandía, miel, yogur natural, servido de forma apetitosa y natural"
huevito-en-salsa-de-tomate,desayuno,receta-huevito-en-salsa-de-tomate.webp,1:1,"Fotografía gastronómica apetitosa y realista de comida para niños, servida sobre mesa de madera clara, luz natural suave de ventana lateral, ángulo cenital a 45 grados, fondo cálido neutro ligeramente desenfocado, props mínimos: servilleta de tela en tono verde manzana o menta y cubierto infantil, porción de tamaño infantil, colores naturales vivos del alimento, aspecto casero y fresco, sin manos, sin personas, sin texto, sin letras, sin marcas, sin empaques comerciales. Servicio matutino en plato infantil de cerámica crema, luz más clara y fresca. PLATILLO: Huevito Escondido en Salsa de Tomate, con tomate, huevo, orégano seco, servido de forma apetitosa y natural"
huevos-de-colores,lonchera,receta-huevos-de-colores.webp,1:1,"Fotografía gastronómica apetitosa y realista de comida para niños, servida sobre mesa de madera clara, luz natural suave de ventana lateral, ángulo cenital a 45 grados, fondo cálido neutro ligeramente desenfocado, props mínimos: servilleta de tela en tono verde manzana o menta y cubierto infantil, porción de tamaño infantil, colores naturales vivos del alimento, aspecto casero y fresco, sin manos, sin personas, sin texto, sin letras, sin marcas, sin empaques comerciales. Servido dentro de un compartimento de lonchera bento abierta, vista cenital. PLATILLO: Huevos de Colores, con huevo, remolacha, mayonesa, servido de forma apetitosa y natural"
huevos-escondidos-en-salsa-de-tomate,cena,receta-huevos-escondidos-en-salsa-de-tomate.webp,1:1,"Fotografía gastronómica apetitosa y realista de comida para niños, servida sobre mesa de madera clara, luz natural suave de ventana lateral, ángulo cenital a 45 grados, fondo cálido neutro ligeramente desenfocado, props mínimos: servilleta de tela en tono verde manzana o menta y cubierto infantil, porción de tamaño infantil, colores naturales vivos del alimento, aspecto casero y fresco, sin manos, sin personas, sin texto, sin letras, sin marcas, sin empaques comerciales. Plato principal servido en plato infantil de cerámica crema, porción pequeña, ambiente cálido de cena. PLATILLO: Huevos Escondidos en Salsa de Tomate, con huevos, tomate maduro, pimiento rojo, servido de forma apetitosa y natural"
huevos-revueltos-con-espinacas,desayuno,receta-huevos-revueltos-con-espinacas.webp,1:1,"Fotografía gastronómica apetitosa y realista de comida para niños, servida sobre mesa de madera clara, luz natural suave de ventana lateral, ángulo cenital a 45 grados, fondo cálido neutro ligeramente desenfocado, props mínimos: servilleta de tela en tono verde manzana o menta y cubierto infantil, porción de tamaño infantil, colores naturales vivos del alimento, aspecto casero y fresco, sin manos, sin personas, sin texto, sin letras, sin marcas, sin empaques comerciales. Servicio matutino en plato infantil de cerámica crema, luz más clara y fresca. PLATILLO: Huevos Revueltos con Espinacas, con huevo, espinacas frescas, servido de forma apetitosa y natural"
hummus-clasico,colacion,receta-hummus-clasico.webp,1:1,"Fotografía gastronómica apetitosa y realista de comida para niños, servida sobre mesa de madera clara, luz natural suave de ventana lateral, ángulo cenital a 45 grados, fondo cálido neutro ligeramente desenfocado, props mínimos: servilleta de tela en tono verde manzana o menta y cubierto infantil, porción de tamaño infantil, colores naturales vivos del alimento, aspecto casero y fresco, sin manos, sin personas, sin texto, sin letras, sin marcas, sin empaques comerciales. Porción para llevar sobre servilleta de tela, presentación sencilla. PLATILLO: Hummus Clásico, con garbanzos cocidos, tahini, servido de forma apetitosa y natural"
hummus-de-remolacha,colacion,receta-hummus-de-remolacha.webp,1:1,"Fotografía gastronómica apetitosa y realista de comida para niños, servida sobre mesa de madera clara, luz natural suave de ventana lateral, ángulo cenital a 45 grados, fondo cálido neutro ligeramente desenfocado, props mínimos: servilleta de tela en tono verde manzana o menta y cubierto infantil, porción de tamaño infantil, colores naturales vivos del alimento, aspecto casero y fresco, sin manos, sin personas, sin texto, sin letras, sin marcas, sin empaques comerciales. Porción para llevar sobre servilleta de tela, presentación sencilla. PLATILLO: Hummus de Remolacha, con garbanzos cocidos, remolacha, tahini, servido de forma apetitosa y natural"
jugo-vitamina-c,bebida,receta-jugo-vitamina-c.webp,1:1,"Fotografía gastronómica apetitosa y realista de comida para niños, servida sobre mesa de madera clara, luz natural suave de ventana lateral, ángulo cenital a 45 grados, fondo cálido neutro ligeramente desenfocado, props mínimos: servilleta de tela en tono verde manzana o menta y cubierto infantil, porción de tamaño infantil, colores naturales vivos del alimento, aspecto casero y fresco, sin manos, sin personas, sin texto, sin letras, sin marcas, sin empaques comerciales. Servido en vaso infantil con popote o termo infantil, fondo despejado. PLATILLO: Jugo Vitamina C de Remolacha y Naranja, con remolacha, zanahoria, manzana, servido de forma apetitosa y natural"
laminas-crocantes-de-masa,colacion,receta-laminas-crocantes-de-masa.webp,1:1,"Fotografía gastronómica apetitosa y realista de comida para niños, servida sobre mesa de madera clara, luz natural suave de ventana lateral, ángulo cenital a 45 grados, fondo cálido neutro ligeramente desenfocado, props mínimos: servilleta de tela en tono verde manzana o menta y cubierto infantil, porción de tamaño infantil, colores naturales vivos del alimento, aspecto casero y fresco, sin manos, sin personas, sin texto, sin letras, sin marcas, sin empaques comerciales. Porción para llevar sobre servilleta de tela, presentación sencilla. PLATILLO: Láminas Crocantes de Masa (Hojuelas), con harina de trigo, mantequilla, panela, servido de forma apetitosa y natural"
lasana-de-platano-maduro,almuerzo,receta-lasana-de-platano-maduro.webp,1:1,"Fotografía gastronómica apetitosa y realista de comida para niños, servida sobre mesa de madera clara, luz natural suave de ventana lateral, ángulo cenital a 45 grados, fondo cálido neutro ligeramente desenfocado, props mínimos: servilleta de tela en tono verde manzana o menta y cubierto infantil, porción de tamaño infantil, colores naturales vivos del alimento, aspecto casero y fresco, sin manos, sin personas, sin texto, sin letras, sin marcas, sin empaques comerciales. Plato principal servido en plato infantil de cerámica crema, porción pequeña. PLATILLO: Lasaña de Plátano Macho Maduro, con plátano macho maduro, pechuga de pollo cocida y desmenuzada, queso mozzarella rallado, servido de forma apetitosa y natural"
lasana-de-pollo-y-espinacas,almuerzo,receta-lasana-de-pollo-y-espinacas.webp,1:1,"Fotografía gastronómica apetitosa y realista de comida para niños, servida sobre mesa de madera clara, luz natural suave de ventana lateral, ángulo cenital a 45 grados, fondo cálido neutro ligeramente desenfocado, props mínimos: servilleta de tela en tono verde manzana o menta y cubierto infantil, porción de tamaño infantil, colores naturales vivos del alimento, aspecto casero y fresco, sin manos, sin personas, sin texto, sin letras, sin marcas, sin empaques comerciales. Plato principal servido en plato infantil de cerámica crema, porción pequeña. PLATILLO: Lasaña de Pollo y Espinacas, con láminas de lasaña, pechuga de pollo cocida, espinacas frescas, servido de forma apetitosa y natural"
lasana-de-verduras,almuerzo,receta-lasana-de-verduras.webp,1:1,"Fotografía gastronómica apetitosa y realista de comida para niños, servida sobre mesa de madera clara, luz natural suave de ventana lateral, ángulo cenital a 45 grados, fondo cálido neutro ligeramente desenfocado, props mínimos: servilleta de tela en tono verde manzana o menta y cubierto infantil, porción de tamaño infantil, colores naturales vivos del alimento, aspecto casero y fresco, sin manos, sin personas, sin texto, sin letras, sin marcas, sin empaques comerciales. Plato principal servido en plato infantil de cerámica crema, porción pequeña. PLATILLO: Lasaña de Verduras, con láminas de lasaña, berenjena, calabacita, servido de forma apetitosa y natural"
lentejitas-superpoderosas,almuerzo,receta-lentejitas-superpoderosas.webp,1:1,"Fotografía gastronómica apetitosa y realista de comida para niños, servida sobre mesa de madera clara, luz natural suave de ventana lateral, ángulo cenital a 45 grados, fondo cálido neutro ligeramente desenfocado, props mínimos: servilleta de tela en tono verde manzana o menta y cubierto infantil, porción de tamaño infantil, colores naturales vivos del alimento, aspecto casero y fresco, sin manos, sin personas, sin texto, sin letras, sin marcas, sin empaques comerciales. Plato principal servido en plato infantil de cerámica crema, porción pequeña. PLATILLO: Lentejitas Superpoderosas, con lentejas, zanahoria, papa, servido de forma apetitosa y natural"
macarrones-con-queso-y-coliflor,almuerzo,receta-macarrones-con-queso-y-coliflor.webp,1:1,"Fotografía gastronómica apetitosa y realista de comida para niños, servida sobre mesa de madera clara, luz natural suave de ventana lateral, ángulo cenital a 45 grados, fondo cálido neutro ligeramente desenfocado, props mínimos: servilleta de tela en tono verde manzana o menta y cubierto infantil, porción de tamaño infantil, colores naturales vivos del alimento, aspecto casero y fresco, sin manos, sin personas, sin texto, sin letras, sin marcas, sin empaques comerciales. Plato principal servido en plato infantil de cerámica crema, porción pequeña. PLATILLO: Macarrones con Queso en Salsa de Coliflor, con macarrones integrales o de trigo, coliflor cocida, leche, servido de forma apetitosa y natural"
macarrones-con-salsa-de-brocoli,almuerzo,receta-macarrones-con-salsa-de-brocoli.webp,1:1,"Fotografía gastronómica apetitosa y realista de comida para niños, servida sobre mesa de madera clara, luz natural suave de ventana lateral, ángulo cenital a 45 grados, fondo cálido neutro ligeramente desenfocado, props mínimos: servilleta de tela en tono verde manzana o menta y cubierto infantil, porción de tamaño infantil, colores naturales vivos del alimento, aspecto casero y fresco, sin manos, sin personas, sin texto, sin letras, sin marcas, sin empaques comerciales. Plato principal servido en plato infantil de cerámica crema, porción pequeña. PLATILLO: Macarrones con Salsa de Brócoli, con macarrones pequeños, brócoli, leche materna o fórmula, servido de forma apetitosa y natural"
machacado-de-pollo-choclo-y-papa-con-trocitos,papilla,receta-machacado-de-pollo-choclo-y-papa-con-trocitos.webp,1:1,"Fotografía gastronómica apetitosa y realista de comida para niños, servida sobre mesa de madera clara, luz natural suave de ventana lateral, ángulo cenital a 45 grados, fondo cálido neutro ligeramente desenfocado, props mínimos: servilleta de tela en tono verde manzana o menta y cubierto infantil, porción de tamaño infantil, colores naturales vivos del alimento, aspecto casero y fresco, sin manos, sin personas, sin texto, sin letras, sin marcas, sin empaques comerciales. Servido en bowl pequeño de silicona color menta, textura de puré visible, cuchara de bebé al lado. PLATILLO: Machacado de Pollo, Choclo y Papa con Trocitos, con muslo de pollo sin piel ni hueso, papa, choclo, servido de forma apetitosa y natural"
mantequilla-de-mani-casera,colacion,receta-mantequilla-de-mani-casera.webp,1:1,"Fotografía gastronómica apetitosa y realista de comida para niños, servida sobre mesa de madera clara, luz natural suave de ventana lateral, ángulo cenital a 45 grados, fondo cálido neutro ligeramente desenfocado, props mínimos: servilleta de tela en tono verde manzana o menta y cubierto infantil, porción de tamaño infantil, colores naturales vivos del alimento, aspecto casero y fresco, sin manos, sin personas, sin texto, sin letras, sin marcas, sin empaques comerciales. Porción para llevar sobre servilleta de tela, presentación sencilla. PLATILLO: Mantequilla de Maní Casera, con maní, servido de forma apetitosa y natural"
manzana-asada-rellena-de-avena,postre,receta-manzana-asada-rellena-de-avena.webp,1:1,"Fotografía gastronómica apetitosa y realista de comida para niños, servida sobre mesa de madera clara, luz natural suave de ventana lateral, ángulo cenital a 45 grados, fondo cálido neutro ligeramente desenfocado, props mínimos: servilleta de tela en tono verde manzana o menta y cubierto infantil, porción de tamaño infantil, colores naturales vivos del alimento, aspecto casero y fresco, sin manos, sin personas, sin texto, sin letras, sin marcas, sin empaques comerciales. Porción individual pequeña en recipiente infantil, presentación sencilla sin decoración excesiva. PLATILLO: Manzana Asada Rellena de Avena, con manzana, avena en hojuelas, canela en polvo, servido de forma apetitosa y natural"
medallones-de-pescado-blanco-y-papa,almuerzo,receta-medallones-de-pescado-blanco-y-papa.webp,1:1,"Fotografía gastronómica apetitosa y realista de comida para niños, servida sobre mesa de madera clara, luz natural suave de ventana lateral, ángulo cenital a 45 grados, fondo cálido neutro ligeramente desenfocado, props mínimos: servilleta de tela en tono verde manzana o menta y cubierto infantil, porción de tamaño infantil, colores naturales vivos del alimento, aspecto casero y fresco, sin manos, sin personas, sin texto, sin letras, sin marcas, sin empaques comerciales. Plato principal servido en plato infantil de cerámica crema, porción pequeña. PLATILLO: Medallones de Pescado Blanco y Papa, con pescado blanco firme, papa, huevo, servido de forma apetitosa y natural"
mermelada-de-fresa,desayuno,receta-mermelada-de-fresa.webp,1:1,"Fotografía gastronómica apetitosa y realista de comida para niños, servida sobre mesa de madera clara, luz natural suave de ventana lateral, ángulo cenital a 45 grados, fondo cálido neutro ligeramente desenfocado, props mínimos: servilleta de tela en tono verde manzana o menta y cubierto infantil, porción de tamaño infantil, colores naturales vivos del alimento, aspecto casero y fresco, sin manos, sin personas, sin texto, sin letras, sin marcas, sin empaques comerciales. Servicio matutino en plato infantil de cerámica crema, luz más clara y fresca. PLATILLO: Mermelada de Fresa, con fresas, semillas de chía, servido de forma apetitosa y natural"
mini-lasana-de-carne-de-res,almuerzo,receta-mini-lasana-de-carne-de-res.webp,1:1,"Fotografía gastronómica apetitosa y realista de comida para niños, servida sobre mesa de madera clara, luz natural suave de ventana lateral, ángulo cenital a 45 grados, fondo cálido neutro ligeramente desenfocado, props mínimos: servilleta de tela en tono verde manzana o menta y cubierto infantil, porción de tamaño infantil, colores naturales vivos del alimento, aspecto casero y fresco, sin manos, sin personas, sin texto, sin letras, sin marcas, sin empaques comerciales. Plato principal servido en plato infantil de cerámica crema, porción pequeña. PLATILLO: Mini Lasaña de Carne de Res, con láminas de pasta para lasaña, carne de res molida, tomate triturado, servido de forma apetitosa y natural"
mini-lasanas-de-calabacita-y-atun,almuerzo,receta-mini-lasanas-de-calabacita-y-atun.webp,1:1,"Fotografía gastronómica apetitosa y realista de comida para niños, servida sobre mesa de madera clara, luz natural suave de ventana lateral, ángulo cenital a 45 grados, fondo cálido neutro ligeramente desenfocado, props mínimos: servilleta de tela en tono verde manzana o menta y cubierto infantil, porción de tamaño infantil, colores naturales vivos del alimento, aspecto casero y fresco, sin manos, sin personas, sin texto, sin letras, sin marcas, sin empaques comerciales. Plato principal servido en plato infantil de cerámica crema, porción pequeña. PLATILLO: Mini Lasañas de Calabacita y Atún, con calabacita, atún en agua, tomate triturado, servido de forma apetitosa y natural"
mini-lasanas-de-calabacita-y-pollo,almuerzo,receta-mini-lasanas-de-calabacita-y-pollo.webp,1:1,"Fotografía gastronómica apetitosa y realista de comida para niños, servida sobre mesa de madera clara, luz natural suave de ventana lateral, ángulo cenital a 45 grados, fondo cálido neutro ligeramente desenfocado, props mínimos: servilleta de tela en tono verde manzana o menta y cubierto infantil, porción de tamaño infantil, colores naturales vivos del alimento, aspecto casero y fresco, sin manos, sin personas, sin texto, sin letras, sin marcas, sin empaques comerciales. Plato principal servido en plato infantil de cerámica crema, porción pequeña. PLATILLO: Mini Lasañas de Calabacita y Pollo, con calabacita, pechuga de pollo, tomate triturado, servido de forma apetitosa y natural"
mini-muffins-de-zanahoria-y-queso,colacion,receta-mini-muffins-de-zanahoria-y-queso.webp,1:1,"Fotografía gastronómica apetitosa y realista de comida para niños, servida sobre mesa de madera clara, luz natural suave de ventana lateral, ángulo cenital a 45 grados, fondo cálido neutro ligeramente desenfocado, props mínimos: servilleta de tela en tono verde manzana o menta y cubierto infantil, porción de tamaño infantil, colores naturales vivos del alimento, aspecto casero y fresco, sin manos, sin personas, sin texto, sin letras, sin marcas, sin empaques comerciales. Porción para llevar sobre servilleta de tela, presentación sencilla. PLATILLO: Mini Muffins de Zanahoria y Queso, con zanahoria, queso rallado, harina de avena, servido de forma apetitosa y natural"
mini-pizza-casera-con-tomates-cherry,almuerzo,receta-mini-pizza-casera-con-tomates-cherry.webp,1:1,"Fotografía gastronómica apetitosa y realista de comida para niños, servida sobre mesa de madera clara, luz natural suave de ventana lateral, ángulo cenital a 45 grados, fondo cálido neutro ligeramente desenfocado, props mínimos: servilleta de tela en tono verde manzana o menta y cubierto infantil, porción de tamaño infantil, colores naturales vivos del alimento, aspecto casero y fresco, sin manos, sin personas, sin texto, sin letras, sin marcas, sin empaques comerciales. Plato principal servido en plato infantil de cerámica crema, porción pequeña. PLATILLO: Mini Pizza Casera con Tomates Cherry, con tortilla de trigo o pan pita, salsa de tomate casera, queso mozzarella rallado, servido de forma apetitosa y natural"
mousse-de-aguacate-y-cacao,postre,receta-mousse-de-aguacate-y-cacao.webp,1:1,"Fotografía gastronómica apetitosa y realista de comida para niños, servida sobre mesa de madera clara, luz natural suave de ventana lateral, ángulo cenital a 45 grados, fondo cálido neutro ligeramente desenfocado, props mínimos: servilleta de tela en tono verde manzana o menta y cubierto infantil, porción de tamaño infantil, colores naturales vivos del alimento, aspecto casero y fresco, sin manos, sin personas, sin texto, sin letras, sin marcas, sin empaques comerciales. Porción individual pequeña en recipiente infantil, presentación sencilla sin decoración excesiva. PLATILLO: Mousse de aguacate y cacao, con aguacate, cacao en polvo sin azúcar, dátiles, servido de forma apetitosa y natural"
mousse-de-chocolate-y-aguacate,postre,receta-mousse-de-chocolate-y-aguacate.webp,1:1,"Fotografía gastronómica apetitosa y realista de comida para niños, servida sobre mesa de madera clara, luz natural suave de ventana lateral, ángulo cenital a 45 grados, fondo cálido neutro ligeramente desenfocado, props mínimos: servilleta de tela en tono verde manzana o menta y cubierto infantil, porción de tamaño infantil, colores naturales vivos del alimento, aspecto casero y fresco, sin manos, sin personas, sin texto, sin letras, sin marcas, sin empaques comerciales. Porción individual pequeña en recipiente infantil, presentación sencilla sin decoración excesiva. PLATILLO: Mousse de Chocolate y Aguacate, con aguacate, cacao en polvo sin azúcar, miel, servido de forma apetitosa y natural"
mousse-de-fresa-y-yogur,postre,receta-mousse-de-fresa-y-yogur.webp,1:1,"Fotografía gastronómica apetitosa y realista de comida para niños, servida sobre mesa de madera clara, luz natural suave de ventana lateral, ángulo cenital a 45 grados, fondo cálido neutro ligeramente desenfocado, props mínimos: servilleta de tela en tono verde manzana o menta y cubierto infantil, porción de tamaño infantil, colores naturales vivos del alimento, aspecto casero y fresco, sin manos, sin personas, sin texto, sin letras, sin marcas, sin empaques comerciales. Porción individual pequeña en recipiente infantil, presentación sencilla sin decoración excesiva. PLATILLO: Mousse de Fresa y Yogur, con fresas, yogur natural, miel, servido de forma apetitosa y natural"
muffins-de-avena-y-fresas,colacion,receta-muffins-de-avena-y-fresas.webp,1:1,"Fotografía gastronómica apetitosa y realista de comida para niños, servida sobre mesa de madera clara, luz natural suave de ventana lateral, ángulo cenital a 45 grados, fondo cálido neutro ligeramente desenfocado, props mínimos: servilleta de tela en tono verde manzana o menta y cubierto infantil, porción de tamaño infantil, colores naturales vivos del alimento, aspecto casero y fresco, sin manos, sin personas, sin texto, sin letras, sin marcas, sin empaques comerciales. Porción para llevar sobre servilleta de tela, presentación sencilla. PLATILLO: Muffins de avena y fresas sin huevo y sin lactosa, con harina de avena, puré de fresas, bebida de avena, servido de forma apetitosa y natural"
muffins-de-calabaza,colacion,receta-muffins-de-calabaza.webp,1:1,"Fotografía gastronómica apetitosa y realista de comida para niños, servida sobre mesa de madera clara, luz natural suave de ventana lateral, ángulo cenital a 45 grados, fondo cálido neutro ligeramente desenfocado, props mínimos: servilleta de tela en tono verde manzana o menta y cubierto infantil, porción de tamaño infantil, colores naturales vivos del alimento, aspecto casero y fresco, sin manos, sin personas, sin texto, sin letras, sin marcas, sin empaques comerciales. Porción para llevar sobre servilleta de tela, presentación sencilla. PLATILLO: Muffins de Calabaza, con puré de calabaza, harina de avena, huevo, servido de forma apetitosa y natural"
muffins-de-manzana-y-canela,desayuno,receta-muffins-de-manzana-y-canela.webp,1:1,"Fotografía gastronómica apetitosa y realista de comida para niños, servida sobre mesa de madera clara, luz natural suave de ventana lateral, ángulo cenital a 45 grados, fondo cálido neutro ligeramente desenfocado, props mínimos: servilleta de tela en tono verde manzana o menta y cubierto infantil, porción de tamaño infantil, colores naturales vivos del alimento, aspecto casero y fresco, sin manos, sin personas, sin texto, sin letras, sin marcas, sin empaques comerciales. Servicio matutino en plato infantil de cerámica crema, luz más clara y fresca. PLATILLO: Muffins de Manzana y Canela, con manzana, huevo, harina de avena, servido de forma apetitosa y natural"
muslos-de-pollo-asados-con-manzana,almuerzo,receta-muslos-de-pollo-asados-con-manzana.webp,1:1,"Fotografía gastronómica apetitosa y realista de comida para niños, servida sobre mesa de madera clara, luz natural suave de ventana lateral, ángulo cenital a 45 grados, fondo cálido neutro ligeramente desenfocado, props mínimos: servilleta de tela en tono verde manzana o menta y cubierto infantil, porción de tamaño infantil, colores naturales vivos del alimento, aspecto casero y fresco, sin manos, sin personas, sin texto, sin letras, sin marcas, sin empaques comerciales. Plato principal servido en plato infantil de cerámica crema, porción pequeña. PLATILLO: Muslos de Pollo Asados con Manzana, con muslo de pollo, manzana, servido de forma apetitosa y natural"
nachos-caseros,colacion,receta-nachos-caseros.webp,1:1,"Fotografía gastronómica apetitosa y realista de comida para niños, servida sobre mesa de madera clara, luz natural suave de ventana lateral, ángulo cenital a 45 grados, fondo cálido neutro ligeramente desenfocado, props mínimos: servilleta de tela en tono verde manzana o menta y cubierto infantil, porción de tamaño infantil, colores naturales vivos del alimento, aspecto casero y fresco, sin manos, sin personas, sin texto, sin letras, sin marcas, sin empaques comerciales. Porción para llevar sobre servilleta de tela, presentación sencilla. PLATILLO: Nachos Caseros, con harina de trigo, harina de maíz, servido de forma apetitosa y natural"
natilla-de-maiz-con-pera,postre,receta-natilla-de-maiz-con-pera.webp,1:1,"Fotografía gastronómica apetitosa y realista de comida para niños, servida sobre mesa de madera clara, luz natural suave de ventana lateral, ángulo cenital a 45 grados, fondo cálido neutro ligeramente desenfocado, props mínimos: servilleta de tela en tono verde manzana o menta y cubierto infantil, porción de tamaño infantil, colores naturales vivos del alimento, aspecto casero y fresco, sin manos, sin personas, sin texto, sin letras, sin marcas, sin empaques comerciales. Porción individual pequeña en recipiente infantil, presentación sencilla sin decoración excesiva. PLATILLO: Natilla de Maíz con Pera, con leche entera, fécula de maíz, pera, servido de forma apetitosa y natural"
nido-de-pan-integral-con-huevo,desayuno,receta-nido-de-pan-integral-con-huevo.webp,1:1,"Fotografía gastronómica apetitosa y realista de comida para niños, servida sobre mesa de madera clara, luz natural suave de ventana lateral, ángulo cenital a 45 grados, fondo cálido neutro ligeramente desenfocado, props mínimos: servilleta de tela en tono verde manzana o menta y cubierto infantil, porción de tamaño infantil, colores naturales vivos del alimento, aspecto casero y fresco, sin manos, sin personas, sin texto, sin letras, sin marcas, sin empaques comerciales. Servicio matutino en plato infantil de cerámica crema, luz más clara y fresca. PLATILLO: Nido de Pan Integral con Huevo, con pan integral, huevo, mantequilla, servido de forma apetitosa y natural"
nuggets-de-brocoli,lonchera,receta-nuggets-de-brocoli.webp,1:1,"Fotografía gastronómica apetitosa y realista de comida para niños, servida sobre mesa de madera clara, luz natural suave de ventana lateral, ángulo cenital a 45 grados, fondo cálido neutro ligeramente desenfocado, props mínimos: servilleta de tela en tono verde manzana o menta y cubierto infantil, porción de tamaño infantil, colores naturales vivos del alimento, aspecto casero y fresco, sin manos, sin personas, sin texto, sin letras, sin marcas, sin empaques comerciales. Servido dentro de un compartimento de lonchera bento abierta, vista cenital. PLATILLO: Nuggets de Brócoli, con brócoli, avena molida, huevo, servido de forma apetitosa y natural"
nuggets-de-pollo-caseros,almuerzo,receta-nuggets-de-pollo-caseros.webp,1:1,"Fotografía gastronómica apetitosa y realista de comida para niños, servida sobre mesa de madera clara, luz natural suave de ventana lateral, ángulo cenital a 45 grados, fondo cálido neutro ligeramente desenfocado, props mínimos: servilleta de tela en tono verde manzana o menta y cubierto infantil, porción de tamaño infantil, colores naturales vivos del alimento, aspecto casero y fresco, sin manos, sin personas, sin texto, sin letras, sin marcas, sin empaques comerciales. Plato principal servido en plato infantil de cerámica crema, porción pequeña. PLATILLO: Nuggets de Pollo Caseros, con pechuga de pollo, huevo, pan molido, servido de forma apetitosa y natural"
nuggets-de-pollo-sin-huevo,cena,receta-nuggets-de-pollo-sin-huevo.webp,1:1,"Fotografía gastronómica apetitosa y realista de comida para niños, servida sobre mesa de madera clara, luz natural suave de ventana lateral, ángulo cenital a 45 grados, fondo cálido neutro ligeramente desenfocado, props mínimos: servilleta de tela en tono verde manzana o menta y cubierto infantil, porción de tamaño infantil, colores naturales vivos del alimento, aspecto casero y fresco, sin manos, sin personas, sin texto, sin letras, sin marcas, sin empaques comerciales. Plato principal servido en plato infantil de cerámica crema, porción pequeña, ambiente cálido de cena. PLATILLO: Nuggets de pollo sin huevo y sin lactosa, con pechuga de pollo, pan rallado sin sal, harina de avena, servido de forma apetitosa y natural"
nuggets-de-pollo,almuerzo,receta-nuggets-de-pollo.webp,1:1,"Fotografía gastronómica apetitosa y realista de comida para niños, servida sobre mesa de madera clara, luz natural suave de ventana lateral, ángulo cenital a 45 grados, fondo cálido neutro ligeramente desenfocado, props mínimos: servilleta de tela en tono verde manzana o menta y cubierto infantil, porción de tamaño infantil, colores naturales vivos del alimento, aspecto casero y fresco, sin manos, sin personas, sin texto, sin letras, sin marcas, sin empaques comerciales. Plato principal servido en plato infantil de cerámica crema, porción pequeña. PLATILLO: Nuggets de Pollo, con pechuga de pollo sin piel, huevo, harina de avena, servido de forma apetitosa y natural"
omelette-de-calabacita,cena,receta-omelette-de-calabacita.webp,1:1,"Fotografía gastronómica apetitosa y realista de comida para niños, servida sobre mesa de madera clara, luz natural suave de ventana lateral, ángulo cenital a 45 grados, fondo cálido neutro ligeramente desenfocado, props mínimos: servilleta de tela en tono verde manzana o menta y cubierto infantil, porción de tamaño infantil, colores naturales vivos del alimento, aspecto casero y fresco, sin manos, sin personas, sin texto, sin letras, sin marcas, sin empaques comerciales. Plato principal servido en plato infantil de cerámica crema, porción pequeña, ambiente cálido de cena. PLATILLO: Omelette de Calabacita, con huevo, calabacita, servido de forma apetitosa y natural"
omelette-de-papa-y-brocoli,cena,receta-omelette-de-papa-y-brocoli.webp,1:1,"Fotografía gastronómica apetitosa y realista de comida para niños, servida sobre mesa de madera clara, luz natural suave de ventana lateral, ángulo cenital a 45 grados, fondo cálido neutro ligeramente desenfocado, props mínimos: servilleta de tela en tono verde manzana o menta y cubierto infantil, porción de tamaño infantil, colores naturales vivos del alimento, aspecto casero y fresco, sin manos, sin personas, sin texto, sin letras, sin marcas, sin empaques comerciales. Plato principal servido en plato infantil de cerámica crema, porción pequeña, ambiente cálido de cena. PLATILLO: Omelette de Papa y Brócoli, con papa, brócoli, huevo, servido de forma apetitosa y natural"
omelette-de-verduritas,desayuno,receta-omelette-de-verduritas.webp,1:1,"Fotografía gastronómica apetitosa y realista de comida para niños, servida sobre mesa de madera clara, luz natural suave de ventana lateral, ángulo cenital a 45 grados, fondo cálido neutro ligeramente desenfocado, props mínimos: servilleta de tela en tono verde manzana o menta y cubierto infantil, porción de tamaño infantil, colores naturales vivos del alimento, aspecto casero y fresco, sin manos, sin personas, sin texto, sin letras, sin marcas, sin empaques comerciales. Servicio matutino en plato infantil de cerámica crema, luz más clara y fresca. PLATILLO: Omelette de Verduritas de Colores, con huevo, calabacita, pimiento rojo, servido de forma apetitosa y natural"
paletas-de-sandia-y-kiwi,postre,receta-paletas-de-sandia-y-kiwi.webp,1:1,"Fotografía gastronómica apetitosa y realista de comida para niños, servida sobre mesa de madera clara, luz natural suave de ventana lateral, ángulo cenital a 45 grados, fondo cálido neutro ligeramente desenfocado, props mínimos: servilleta de tela en tono verde manzana o menta y cubierto infantil, porción de tamaño infantil, colores naturales vivos del alimento, aspecto casero y fresco, sin manos, sin personas, sin texto, sin letras, sin marcas, sin empaques comerciales. Porción individual pequeña en recipiente infantil, presentación sencilla sin decoración excesiva. PLATILLO: Paletas de Sandía y Kiwi, con sandía, kiwi, jugo de naranja o mandarina, servido de forma apetitosa y natural"
paletas-heladas-de-fruta,postre,receta-paletas-heladas-de-fruta.webp,1:1,"Fotografía gastronómica apetitosa y realista de comida para niños, servida sobre mesa de madera clara, luz natural suave de ventana lateral, ángulo cenital a 45 grados, fondo cálido neutro ligeramente desenfocado, props mínimos: servilleta de tela en tono verde manzana o menta y cubierto infantil, porción de tamaño infantil, colores naturales vivos del alimento, aspecto casero y fresco, sin manos, sin personas, sin texto, sin letras, sin marcas, sin empaques comerciales. Porción individual pequeña en recipiente infantil, presentación sencilla sin decoración excesiva. PLATILLO: Paletas Heladas de Fruta, con mango, plátano, jugo de naranja natural, servido de forma apetitosa y natural"
palitos-crocantes-de-avena-y-ajonjoli,lonchera,receta-palitos-crocantes-de-avena-y-ajonjoli.webp,1:1,"Fotografía gastronómica apetitosa y realista de comida para niños, servida sobre mesa de madera clara, luz natural suave de ventana lateral, ángulo cenital a 45 grados, fondo cálido neutro ligeramente desenfocado, props mínimos: servilleta de tela en tono verde manzana o menta y cubierto infantil, porción de tamaño infantil, colores naturales vivos del alimento, aspecto casero y fresco, sin manos, sin personas, sin texto, sin letras, sin marcas, sin empaques comerciales. Servido dentro de un compartimento de lonchera bento abierta, vista cenital. PLATILLO: Palitos Crocantes de Avena y Ajonjolí, con harina de trigo integral, hojuelas de avena molidas, ajonjolí, servido de forma apetitosa y natural"
palitos-de-arroz,colacion,receta-palitos-de-arroz.webp,1:1,"Fotografía gastronómica apetitosa y realista de comida para niños, servida sobre mesa de madera clara, luz natural suave de ventana lateral, ángulo cenital a 45 grados, fondo cálido neutro ligeramente desenfocado, props mínimos: servilleta de tela en tono verde manzana o menta y cubierto infantil, porción de tamaño infantil, colores naturales vivos del alimento, aspecto casero y fresco, sin manos, sin personas, sin texto, sin letras, sin marcas, sin empaques comerciales. Porción para llevar sobre servilleta de tela, presentación sencilla. PLATILLO: Palitos de arroz, con arroz cocido, zanahoria, queso crema sin sal, servido de forma apetitosa y natural"
palitos-de-verduras,colacion,receta-palitos-de-verduras.webp,1:1,"Fotografía gastronómica apetitosa y realista de comida para niños, servida sobre mesa de madera clara, luz natural suave de ventana lateral, ángulo cenital a 45 grados, fondo cálido neutro ligeramente desenfocado, props mínimos: servilleta de tela en tono verde manzana o menta y cubierto infantil, porción de tamaño infantil, colores naturales vivos del alimento, aspecto casero y fresco, sin manos, sin personas, sin texto, sin letras, sin marcas, sin empaques comerciales. Porción para llevar sobre servilleta de tela, presentación sencilla. PLATILLO: Palitos de Verduras, con zanahoria, pepino, pimiento morrón rojo, servido de forma apetitosa y natural"
palomitas-de-maiz,colacion,receta-palomitas-de-maiz.webp,1:1,"Fotografía gastronómica apetitosa y realista de comida para niños, servida sobre mesa de madera clara, luz natural suave de ventana lateral, ángulo cenital a 45 grados, fondo cálido neutro ligeramente desenfocado, props mínimos: servilleta de tela en tono verde manzana o menta y cubierto infantil, porción de tamaño infantil, colores naturales vivos del alimento, aspecto casero y fresco, sin manos, sin personas, sin texto, sin letras, sin marcas, sin empaques comerciales. Porción para llevar sobre servilleta de tela, presentación sencilla. PLATILLO: Palomitas de Maíz, con maíz para palomitas, mantequilla, miel, servido de forma apetitosa y natural"
pan-de-calabacin,lonchera,receta-pan-de-calabacin.webp,1:1,"Fotografía gastronómica apetitosa y realista de comida para niños, servida sobre mesa de madera clara, luz natural suave de ventana lateral, ángulo cenital a 45 grados, fondo cálido neutro ligeramente desenfocado, props mínimos: servilleta de tela en tono verde manzana o menta y cubierto infantil, porción de tamaño infantil, colores naturales vivos del alimento, aspecto casero y fresco, sin manos, sin personas, sin texto, sin letras, sin marcas, sin empaques comerciales. Servido dentro de un compartimento de lonchera bento abierta, vista cenital. PLATILLO: Pan de Calabacín, con calabacín, harina de avena, huevo, servido de forma apetitosa y natural"
pan-de-camote-y-ajonjoli,lonchera,receta-pan-de-camote-y-ajonjoli.webp,1:1,"Fotografía gastronómica apetitosa y realista de comida para niños, servida sobre mesa de madera clara, luz natural suave de ventana lateral, ángulo cenital a 45 grados, fondo cálido neutro ligeramente desenfocado, props mínimos: servilleta de tela en tono verde manzana o menta y cubierto infantil, porción de tamaño infantil, colores naturales vivos del alimento, aspecto casero y fresco, sin manos, sin personas, sin texto, sin letras, sin marcas, sin empaques comerciales. Servido dentro de un compartimento de lonchera bento abierta, vista cenital. PLATILLO: Pan Suave de Camote y Ajonjolí, con camote, plátano maduro, harina de trigo integral, servido de forma apetitosa y natural"
pan-de-queso,lonchera,receta-pan-de-queso.webp,1:1,"Fotografía gastronómica apetitosa y realista de comida para niños, servida sobre mesa de madera clara, luz natural suave de ventana lateral, ángulo cenital a 45 grados, fondo cálido neutro ligeramente desenfocado, props mínimos: servilleta de tela en tono verde manzana o menta y cubierto infantil, porción de tamaño infantil, colores naturales vivos del alimento, aspecto casero y fresco, sin manos, sin personas, sin texto, sin letras, sin marcas, sin empaques comerciales. Servido dentro de un compartimento de lonchera bento abierta, vista cenital. PLATILLO: Pan de Queso, con almidón de yuca, queso rallado, huevos, servido de forma apetitosa y natural"
pan-integral-casero,desayuno,receta-pan-integral-casero.webp,1:1,"Fotografía gastronómica apetitosa y realista de comida para niños, servida sobre mesa de madera clara, luz natural suave de ventana lateral, ángulo cenital a 45 grados, fondo cálido neutro ligeramente desenfocado, props mínimos: servilleta de tela en tono verde manzana o menta y cubierto infantil, porción de tamaño infantil, colores naturales vivos del alimento, aspecto casero y fresco, sin manos, sin personas, sin texto, sin letras, sin marcas, sin empaques comerciales. Servicio matutino en plato infantil de cerámica crema, luz más clara y fresca. PLATILLO: Pan Integral Casero, con harina integral, levadura seca, servido de forma apetitosa y natural"
pan-rosado,lonchera,receta-pan-rosado.webp,1:1,"Fotografía gastronómica apetitosa y realista de comida para niños, servida sobre mesa de madera clara, luz natural suave de ventana lateral, ángulo cenital a 45 grados, fondo cálido neutro ligeramente desenfocado, props mínimos: servilleta de tela en tono verde manzana o menta y cubierto infantil, porción de tamaño infantil, colores naturales vivos del alimento, aspecto casero y fresco, sin manos, sin personas, sin texto, sin letras, sin marcas, sin empaques comerciales. Servido dentro de un compartimento de lonchera bento abierta, vista cenital. PLATILLO: Pan Rosado de Remolacha, con harina de trigo, avena en hojuelas, zanahoria cocida, servido de forma apetitosa y natural"
panecitos-de-maiz-y-choclo,lonchera,receta-panecitos-de-maiz-y-choclo.webp,1:1,"Fotografía gastronómica apetitosa y realista de comida para niños, servida sobre mesa de madera clara, luz natural suave de ventana lateral, ángulo cenital a 45 grados, fondo cálido neutro ligeramente desenfocado, props mínimos: servilleta de tela en tono verde manzana o menta y cubierto infantil, porción de tamaño infantil, colores naturales vivos del alimento, aspecto casero y fresco, sin manos, sin personas, sin texto, sin letras, sin marcas, sin empaques comerciales. Servido dentro de un compartimento de lonchera bento abierta, vista cenital. PLATILLO: Panecitos de Maíz y Choclo, con harina de maíz amarilla, harina de trigo integral, choclo, servido de forma apetitosa y natural"
panqueques-de-banana,desayuno,receta-panqueques-de-banana.webp,1:1,"Fotografía gastronómica apetitosa y realista de comida para niños, servida sobre mesa de madera clara, luz natural suave de ventana lateral, ángulo cenital a 45 grados, fondo cálido neutro ligeramente desenfocado, props mínimos: servilleta de tela en tono verde manzana o menta y cubierto infantil, porción de tamaño infantil, colores naturales vivos del alimento, aspecto casero y fresco, sin manos, sin personas, sin texto, sin letras, sin marcas, sin empaques comerciales. Servicio matutino en plato infantil de cerámica crema, luz más clara y fresca. PLATILLO: Panqueques de Banana, con banana madura, leche o agua, avena en hojuelas o harina de avena, servido de forma apetitosa y natural"
panqueques-de-camote,desayuno,receta-panqueques-de-camote.webp,1:1,"Fotografía gastronómica apetitosa y realista de comida para niños, servida sobre mesa de madera clara, luz natural suave de ventana lateral, ángulo cenital a 45 grados, fondo cálido neutro ligeramente desenfocado, props mínimos: servilleta de tela en tono verde manzana o menta y cubierto infantil, porción de tamaño infantil, colores naturales vivos del alimento, aspecto casero y fresco, sin manos, sin personas, sin texto, sin letras, sin marcas, sin empaques comerciales. Servicio matutino en plato infantil de cerámica crema, luz más clara y fresca. PLATILLO: Panqueques de Camote, con camote, huevo, harina de avena, servido de forma apetitosa y natural"
panqueques-de-espinaca,desayuno,receta-panqueques-de-espinaca.webp,1:1,"Fotografía gastronómica apetitosa y realista de comida para niños, servida sobre mesa de madera clara, luz natural suave de ventana lateral, ángulo cenital a 45 grados, fondo cálido neutro ligeramente desenfocado, props mínimos: servilleta de tela en tono verde manzana o menta y cubierto infantil, porción de tamaño infantil, colores naturales vivos del alimento, aspecto casero y fresco, sin manos, sin personas, sin texto, sin letras, sin marcas, sin empaques comerciales. Servicio matutino en plato infantil de cerámica crema, luz más clara y fresca. PLATILLO: Panqueques de Espinaca, con avena en hojuelas o harina de avena, espinaca fresca, huevo, servido de forma apetitosa y natural"
panqueques-de-manzana-y-canela,desayuno,receta-panqueques-de-manzana-y-canela.webp,1:1,"Fotografía gastronómica apetitosa y realista de comida para niños, servida sobre mesa de madera clara, luz natural suave de ventana lateral, ángulo cenital a 45 grados, fondo cálido neutro ligeramente desenfocado, props mínimos: servilleta de tela en tono verde manzana o menta y cubierto infantil, porción de tamaño infantil, colores naturales vivos del alimento, aspecto casero y fresco, sin manos, sin personas, sin texto, sin letras, sin marcas, sin empaques comerciales. Servicio matutino en plato infantil de cerámica crema, luz más clara y fresca. PLATILLO: Panqueques de Manzana y Canela, con manzana, harina de avena, huevo, servido de forma apetitosa y natural"
panqueques-de-papa-y-calabacita,almuerzo,receta-panqueques-de-papa-y-calabacita.webp,1:1,"Fotografía gastronómica apetitosa y realista de comida para niños, servida sobre mesa de madera clara, luz natural suave de ventana lateral, ángulo cenital a 45 grados, fondo cálido neutro ligeramente desenfocado, props mínimos: servilleta de tela en tono verde manzana o menta y cubierto infantil, porción de tamaño infantil, colores naturales vivos del alimento, aspecto casero y fresco, sin manos, sin personas, sin texto, sin letras, sin marcas, sin empaques comerciales. Plato principal servido en plato infantil de cerámica crema, porción pequeña. PLATILLO: Panqueques de Papa y Calabacita, con papa, calabacita, huevo, servido de forma apetitosa y natural"
panqueques-de-platano-y-avena,desayuno,receta-panqueques-de-platano-y-avena.webp,1:1,"Fotografía gastronómica apetitosa y realista de comida para niños, servida sobre mesa de madera clara, luz natural suave de ventana lateral, ángulo cenital a 45 grados, fondo cálido neutro ligeramente desenfocado, props mínimos: servilleta de tela en tono verde manzana o menta y cubierto infantil, porción de tamaño infantil, colores naturales vivos del alimento, aspecto casero y fresco, sin manos, sin personas, sin texto, sin letras, sin marcas, sin empaques comerciales. Servicio matutino en plato infantil de cerámica crema, luz más clara y fresca. PLATILLO: Panqueques de Plátano y Avena, con plátano, huevo, harina de avena, servido de forma apetitosa y natural"
papas-empanizadas-al-horno,colacion,receta-papas-empanizadas-al-horno.webp,1:1,"Fotografía gastronómica apetitosa y realista de comida para niños, servida sobre mesa de madera clara, luz natural suave de ventana lateral, ángulo cenital a 45 grados, fondo cálido neutro ligeramente desenfocado, props mínimos: servilleta de tela en tono verde manzana o menta y cubierto infantil, porción de tamaño infantil, colores naturales vivos del alimento, aspecto casero y fresco, sin manos, sin personas, sin texto, sin letras, sin marcas, sin empaques comerciales. Porción para llevar sobre servilleta de tela, presentación sencilla. PLATILLO: Papas Empanizadas al Horno, con papas, harina de maíz, romero seco, servido de forma apetitosa y natural"
papilla-de-avena-con-platano,papilla,receta-papilla-de-avena-con-platano.webp,1:1,"Fotografía gastronómica apetitosa y realista de comida para niños, servida sobre mesa de madera clara, luz natural suave de ventana lateral, ángulo cenital a 45 grados, fondo cálido neutro ligeramente desenfocado, props mínimos: servilleta de tela en tono verde manzana o menta y cubierto infantil, porción de tamaño infantil, colores naturales vivos del alimento, aspecto casero y fresco, sin manos, sin personas, sin texto, sin letras, sin marcas, sin empaques comerciales. Servido en bowl pequeño de silicona color menta, textura de puré visible, cuchara de bebé al lado. PLATILLO: Papilla de avena con plátano, con avena en hojuelas, leche materna o fórmula, plátano maduro, servido de forma apetitosa y natural"
papilla-de-avena-y-pera,papilla,receta-papilla-de-avena-y-pera.webp,1:1,"Fotografía gastronómica apetitosa y realista de comida para niños, servida sobre mesa de madera clara, luz natural suave de ventana lateral, ángulo cenital a 45 grados, fondo cálido neutro ligeramente desenfocado, props mínimos: servilleta de tela en tono verde manzana o menta y cubierto infantil, porción de tamaño infantil, colores naturales vivos del alimento, aspecto casero y fresco, sin manos, sin personas, sin texto, sin letras, sin marcas, sin empaques comerciales. Servido en bowl pequeño de silicona color menta, textura de puré visible, cuchara de bebé al lado. PLATILLO: Papilla de Avena y Pera, con avena en hojuelas, pera, servido de forma apetitosa y natural"
papilla-de-carne-de-res-y-papa,papilla,receta-papilla-de-carne-de-res-y-papa.webp,1:1,"Fotografía gastronómica apetitosa y realista de comida para niños, servida sobre mesa de madera clara, luz natural suave de ventana lateral, ángulo cenital a 45 grados, fondo cálido neutro ligeramente desenfocado, props mínimos: servilleta de tela en tono verde manzana o menta y cubierto infantil, porción de tamaño infantil, colores naturales vivos del alimento, aspecto casero y fresco, sin manos, sin personas, sin texto, sin letras, sin marcas, sin empaques comerciales. Servido en bowl pequeño de silicona color menta, textura de puré visible, cuchara de bebé al lado. PLATILLO: Papilla de carne de res y papa, con carne de res magra, papa, servido de forma apetitosa y natural"
papilla-de-cereal-con-leche-materna,papilla,receta-papilla-de-cereal-con-leche-materna.webp,1:1,"Fotografía gastronómica apetitosa y realista de comida para niños, servida sobre mesa de madera clara, luz natural suave de ventana lateral, ángulo cenital a 45 grados, fondo cálido neutro ligeramente desenfocado, props mínimos: servilleta de tela en tono verde manzana o menta y cubierto infantil, porción de tamaño infantil, colores naturales vivos del alimento, aspecto casero y fresco, sin manos, sin personas, sin texto, sin letras, sin marcas, sin empaques comerciales. Servido en bowl pequeño de silicona color menta, textura de puré visible, cuchara de bebé al lado. PLATILLO: Papilla de cereal con leche materna, con cereal infantil sin gluten, leche materna o fórmula, manzana, servido de forma apetitosa y natural"
papilla-de-espinaca-y-ricotta,papilla,receta-papilla-de-espinaca-y-ricotta.webp,1:1,"Fotografía gastronómica apetitosa y realista de comida para niños, servida sobre mesa de madera clara, luz natural suave de ventana lateral, ángulo cenital a 45 grados, fondo cálido neutro ligeramente desenfocado, props mínimos: servilleta de tela en tono verde manzana o menta y cubierto infantil, porción de tamaño infantil, colores naturales vivos del alimento, aspecto casero y fresco, sin manos, sin personas, sin texto, sin letras, sin marcas, sin empaques comerciales. Servido en bowl pequeño de silicona color menta, textura de puré visible, cuchara de bebé al lado. PLATILLO: Papilla de Espinaca y Queso Ricotta, con espinaca fresca, queso ricotta, servido de forma apetitosa y natural"
papilla-de-frijoles-negros-y-platano,papilla,receta-papilla-de-frijoles-negros-y-platano.webp,1:1,"Fotografía gastronómica apetitosa y realista de comida para niños, servida sobre mesa de madera clara, luz natural suave de ventana lateral, ángulo cenital a 45 grados, fondo cálido neutro ligeramente desenfocado, props mínimos: servilleta de tela en tono verde manzana o menta y cubierto infantil, porción de tamaño infantil, colores naturales vivos del alimento, aspecto casero y fresco, sin manos, sin personas, sin texto, sin letras, sin marcas, sin empaques comerciales. Servido en bowl pequeño de silicona color menta, textura de puré visible, cuchara de bebé al lado. PLATILLO: Papilla de frijoles negros y plátano, con frijoles negros cocidos, plátano maduro, servido de forma apetitosa y natural"
papilla-de-frutas-mixtas,papilla,receta-papilla-de-frutas-mixtas.webp,1:1,"Fotografía gastronómica apetitosa y realista de comida para niños, servida sobre mesa de madera clara, luz natural suave de ventana lateral, ángulo cenital a 45 grados, fondo cálido neutro ligeramente desenfocado, props mínimos: servilleta de tela en tono verde manzana o menta y cubierto infantil, porción de tamaño infantil, colores naturales vivos del alimento, aspecto casero y fresco, sin manos, sin personas, sin texto, sin letras, sin marcas, sin empaques comerciales. Servido en bowl pequeño de silicona color menta, textura de puré visible, cuchara de bebé al lado. PLATILLO: Papilla de frutas mixtas, con plátano maduro, manzana, pera, servido de forma apetitosa y natural"
papilla-de-kiwi-y-espinaca,papilla,receta-papilla-de-kiwi-y-espinaca.webp,1:1,"Fotografía gastronómica apetitosa y realista de comida para niños, servida sobre mesa de madera clara, luz natural suave de ventana lateral, ángulo cenital a 45 grados, fondo cálido neutro ligeramente desenfocado, props mínimos: servilleta de tela en tono verde manzana o menta y cubierto infantil, porción de tamaño infantil, colores naturales vivos del alimento, aspecto casero y fresco, sin manos, sin personas, sin texto, sin letras, sin marcas, sin empaques comerciales. Servido en bowl pequeño de silicona color menta, textura de puré visible, cuchara de bebé al lado. PLATILLO: Papilla de kiwi y espinaca, con kiwi, espinaca, manzana, servido de forma apetitosa y natural"
papilla-de-lentejas-y-calabaza,papilla,receta-papilla-de-lentejas-y-calabaza.webp,1:1,"Fotografía gastronómica apetitosa y realista de comida para niños, servida sobre mesa de madera clara, luz natural suave de ventana lateral, ángulo cenital a 45 grados, fondo cálido neutro ligeramente desenfocado, props mínimos: servilleta de tela en tono verde manzana o menta y cubierto infantil, porción de tamaño infantil, colores naturales vivos del alimento, aspecto casero y fresco, sin manos, sin personas, sin texto, sin letras, sin marcas, sin empaques comerciales. Servido en bowl pequeño de silicona color menta, textura de puré visible, cuchara de bebé al lado. PLATILLO: Papilla de lentejas y calabaza, con lentejas cocidas, calabaza, servido de forma apetitosa y natural"
papilla-de-lentejas-y-zanahoria,papilla,receta-papilla-de-lentejas-y-zanahoria.webp,1:1,"Fotografía gastronómica apetitosa y realista de comida para niños, servida sobre mesa de madera clara, luz natural suave de ventana lateral, ángulo cenital a 45 grados, fondo cálido neutro ligeramente desenfocado, props mínimos: servilleta de tela en tono verde manzana o menta y cubierto infantil, porción de tamaño infantil, colores naturales vivos del alimento, aspecto casero y fresco, sin manos, sin personas, sin texto, sin letras, sin marcas, sin empaques comerciales. Servido en bowl pequeño de silicona color menta, textura de puré visible, cuchara de bebé al lado. PLATILLO: Papilla de lentejas y zanahoria, con lentejas cocidas, zanahoria, servido de forma apetitosa y natural"
papilla-de-maiz-y-pavo,papilla,receta-papilla-de-maiz-y-pavo.webp,1:1,"Fotografía gastronómica apetitosa y realista de comida para niños, servida sobre mesa de madera clara, luz natural suave de ventana lateral, ángulo cenital a 45 grados, fondo cálido neutro ligeramente desenfocado, props mínimos: servilleta de tela en tono verde manzana o menta y cubierto infantil, porción de tamaño infantil, colores naturales vivos del alimento, aspecto casero y fresco, sin manos, sin personas, sin texto, sin letras, sin marcas, sin empaques comerciales. Servido en bowl pequeño de silicona color menta, textura de puré visible, cuchara de bebé al lado. PLATILLO: Papilla de maíz y pavo, con maíz cocido, pechuga de pavo sin piel, servido de forma apetitosa y natural"
papilla-de-mango-y-aguacate,papilla,receta-papilla-de-mango-y-aguacate.webp,1:1,"Fotografía gastronómica apetitosa y realista de comida para niños, servida sobre mesa de madera clara, luz natural suave de ventana lateral, ángulo cenital a 45 grados, fondo cálido neutro ligeramente desenfocado, props mínimos: servilleta de tela en tono verde manzana o menta y cubierto infantil, porción de tamaño infantil, colores naturales vivos del alimento, aspecto casero y fresco, sin manos, sin personas, sin texto, sin letras, sin marcas, sin empaques comerciales. Servido en bowl pequeño de silicona color menta, textura de puré visible, cuchara de bebé al lado. PLATILLO: Papilla de mango y aguacate, con mango maduro, aguacate maduro, servido de forma apetitosa y natural"
papilla-de-pasta-con-tomate-y-espinaca,papilla,receta-papilla-de-pasta-con-tomate-y-espinaca.webp,1:1,"Fotografía gastronómica apetitosa y realista de comida para niños, servida sobre mesa de madera clara, luz natural suave de ventana lateral, ángulo cenital a 45 grados, fondo cálido neutro ligeramente desenfocado, props mínimos: servilleta de tela en tono verde manzana o menta y cubierto infantil, porción de tamaño infantil, colores naturales vivos del alimento, aspecto casero y fresco, sin manos, sin personas, sin texto, sin letras, sin marcas, sin empaques comerciales. Servido en bowl pequeño de silicona color menta, textura de puré visible, cuchara de bebé al lado. PLATILLO: Papilla de pasta con tomate y espinaca, con pasta pequeña, tomate maduro, espinaca fresca, servido de forma apetitosa y natural"
papilla-de-pera-y-yogur,papilla,receta-papilla-de-pera-y-yogur.webp,1:1,"Fotografía gastronómica apetitosa y realista de comida para niños, servida sobre mesa de madera clara, luz natural suave de ventana lateral, ángulo cenital a 45 grados, fondo cálido neutro ligeramente desenfocado, props mínimos: servilleta de tela en tono verde manzana o menta y cubierto infantil, porción de tamaño infantil, colores naturales vivos del alimento, aspecto casero y fresco, sin manos, sin personas, sin texto, sin letras, sin marcas, sin empaques comerciales. Servido en bowl pequeño de silicona color menta, textura de puré visible, cuchara de bebé al lado. PLATILLO: Papilla de pera y yogur natural, con pera, yogur natural entero, servido de forma apetitosa y natural"
papilla-de-pollo-con-arroz-integral,papilla,receta-papilla-de-pollo-con-arroz-integral.webp,1:1,"Fotografía gastronómica apetitosa y realista de comida para niños, servida sobre mesa de madera clara, luz natural suave de ventana lateral, ángulo cenital a 45 grados, fondo cálido neutro ligeramente desenfocado, props mínimos: servilleta de tela en tono verde manzana o menta y cubierto infantil, porción de tamaño infantil, colores naturales vivos del alimento, aspecto casero y fresco, sin manos, sin personas, sin texto, sin letras, sin marcas, sin empaques comerciales. Servido en bowl pequeño de silicona color menta, textura de puré visible, cuchara de bebé al lado. PLATILLO: Papilla de pollo con arroz integral, con pechuga de pollo sin piel, arroz integral cocido, servido de forma apetitosa y natural"
papilla-de-pollo-y-calabacin,papilla,receta-papilla-de-pollo-y-calabacin.webp,1:1,"Fotografía gastronómica apetitosa y realista de comida para niños, servida sobre mesa de madera clara, luz natural suave de ventana lateral, ángulo cenital a 45 grados, fondo cálido neutro ligeramente desenfocado, props mínimos: servilleta de tela en tono verde manzana o menta y cubierto infantil, porción de tamaño infantil, colores naturales vivos del alimento, aspecto casero y fresco, sin manos, sin personas, sin texto, sin letras, sin marcas, sin empaques comerciales. Servido en bowl pequeño de silicona color menta, textura de puré visible, cuchara de bebé al lado. PLATILLO: Papilla de pollo y calabacín, con pechuga de pollo, calabacín, zanahoria, servido de forma apetitosa y natural"
papilla-de-quinoa-con-mango,papilla,receta-papilla-de-quinoa-con-mango.webp,1:1,"Fotografía gastronómica apetitosa y realista de comida para niños, servida sobre mesa de madera clara, luz natural suave de ventana lateral, ángulo cenital a 45 grados, fondo cálido neutro ligeramente desenfocado, props mínimos: servilleta de tela en tono verde manzana o menta y cubierto infantil, porción de tamaño infantil, colores naturales vivos del alimento, aspecto casero y fresco, sin manos, sin personas, sin texto, sin letras, sin marcas, sin empaques comerciales. Servido en bowl pequeño de silicona color menta, textura de puré visible, cuchara de bebé al lado. PLATILLO: Papilla de quinoa con mango, con quinua, mango maduro, servido de forma apetitosa y natural"
papilla-de-quinoa-espinaca-y-queso,papilla,receta-papilla-de-quinoa-espinaca-y-queso.webp,1:1,"Fotografía gastronómica apetitosa y realista de comida para niños, servida sobre mesa de madera clara, luz natural suave de ventana lateral, ángulo cenital a 45 grados, fondo cálido neutro ligeramente desenfocado, props mínimos: servilleta de tela en tono verde manzana o menta y cubierto infantil, porción de tamaño infantil, colores naturales vivos del alimento, aspecto casero y fresco, sin manos, sin personas, sin texto, sin letras, sin marcas, sin empaques comerciales. Servido en bowl pequeño de silicona color menta, textura de puré visible, cuchara de bebé al lado. PLATILLO: Papilla de quinoa con espinaca y queso fresco, con quinua, espinacas frescas, queso fresco pasteurizado sin sal, servido de forma apetitosa y natural"
papilla-de-salmon-y-camote,papilla,receta-papilla-de-salmon-y-camote.webp,1:1,"Fotografía gastronómica apetitosa y realista de comida para niños, servida sobre mesa de madera clara, luz natural suave de ventana lateral, ángulo cenital a 45 grados, fondo cálido neutro ligeramente desenfocado, props mínimos: servilleta de tela en tono verde manzana o menta y cubierto infantil, porción de tamaño infantil, colores naturales vivos del alimento, aspecto casero y fresco, sin manos, sin personas, sin texto, sin letras, sin marcas, sin empaques comerciales. Servido en bowl pequeño de silicona color menta, textura de puré visible, cuchara de bebé al lado. PLATILLO: Papilla de salmón y camote, con salmón fresco, camote, servido de forma apetitosa y natural"
papilla-de-vegetales-suaves,papilla,receta-papilla-de-vegetales-suaves.webp,1:1,"Fotografía gastronómica apetitosa y realista de comida para niños, servida sobre mesa de madera clara, luz natural suave de ventana lateral, ángulo cenital a 45 grados, fondo cálido neutro ligeramente desenfocado, props mínimos: servilleta de tela en tono verde manzana o menta y cubierto infantil, porción de tamaño infantil, colores naturales vivos del alimento, aspecto casero y fresco, sin manos, sin personas, sin texto, sin letras, sin marcas, sin empaques comerciales. Servido en bowl pequeño de silicona color menta, textura de puré visible, cuchara de bebé al lado. PLATILLO: Papilla de vegetales suaves, con zanahoria, calabacín, papa, servido de forma apetitosa y natural"
papilla-de-yogur-con-frutas-y-granola,papilla,receta-papilla-de-yogur-con-frutas-y-granola.webp,1:1,"Fotografía gastronómica apetitosa y realista de comida para niños, servida sobre mesa de madera clara, luz natural suave de ventana lateral, ángulo cenital a 45 grados, fondo cálido neutro ligeramente desenfocado, props mínimos: servilleta de tela en tono verde manzana o menta y cubierto infantil, porción de tamaño infantil, colores naturales vivos del alimento, aspecto casero y fresco, sin manos, sin personas, sin texto, sin letras, sin marcas, sin empaques comerciales. Servido en bowl pequeño de silicona color menta, textura de puré visible, cuchara de bebé al lado. PLATILLO: Papilla de yogur con frutas y granola, con yogur natural sin azúcar, plátano maduro, manzana, servido de forma apetitosa y natural"
papilla-suave-de-pollo-y-arroz,papilla,receta-papilla-suave-de-pollo-y-arroz.webp,1:1,"Fotografía gastronómica apetitosa y realista de comida para niños, servida sobre mesa de madera clara, luz natural suave de ventana lateral, ángulo cenital a 45 grados, fondo cálido neutro ligeramente desenfocado, props mínimos: servilleta de tela en tono verde manzana o menta y cubierto infantil, porción de tamaño infantil, colores naturales vivos del alimento, aspecto casero y fresco, sin manos, sin personas, sin texto, sin letras, sin marcas, sin empaques comerciales. Servido en bowl pequeño de silicona color menta, textura de puré visible, cuchara de bebé al lado. PLATILLO: Papilla de Pollo al Curry Suave con Arroz, con pechuga de pollo, arroz cocido, zanahoria, servido de forma apetitosa y natural"
pasta-con-brocoli-y-queso,almuerzo,receta-pasta-con-brocoli-y-queso.webp,1:1,"Fotografía gastronómica apetitosa y realista de comida para niños, servida sobre mesa de madera clara, luz natural suave de ventana lateral, ángulo cenital a 45 grados, fondo cálido neutro ligeramente desenfocado, props mínimos: servilleta de tela en tono verde manzana o menta y cubierto infantil, porción de tamaño infantil, colores naturales vivos del alimento, aspecto casero y fresco, sin manos, sin personas, sin texto, sin letras, sin marcas, sin empaques comerciales. Plato principal servido en plato infantil de cerámica crema, porción pequeña. PLATILLO: Pasta con Brócoli y Queso, con pasta integral, brócoli, queso rallado, servido de forma apetitosa y natural"
pasta-con-espinacas-y-pollo,almuerzo,receta-pasta-con-espinacas-y-pollo.webp,1:1,"Fotografía gastronómica apetitosa y realista de comida para niños, servida sobre mesa de madera clara, luz natural suave de ventana lateral, ángulo cenital a 45 grados, fondo cálido neutro ligeramente desenfocado, props mínimos: servilleta de tela en tono verde manzana o menta y cubierto infantil, porción de tamaño infantil, colores naturales vivos del alimento, aspecto casero y fresco, sin manos, sin personas, sin texto, sin letras, sin marcas, sin empaques comerciales. Plato principal servido en plato infantil de cerámica crema, porción pequeña. PLATILLO: Pasta con Espinacas y Pollo, con pasta integral, pechuga de pollo, espinacas frescas, servido de forma apetitosa y natural"
pasta-con-pavo-y-pimientos,almuerzo,receta-pasta-con-pavo-y-pimientos.webp,1:1,"Fotografía gastronómica apetitosa y realista de comida para niños, servida sobre mesa de madera clara, luz natural suave de ventana lateral, ángulo cenital a 45 grados, fondo cálido neutro ligeramente desenfocado, props mínimos: servilleta de tela en tono verde manzana o menta y cubierto infantil, porción de tamaño infantil, colores naturales vivos del alimento, aspecto casero y fresco, sin manos, sin personas, sin texto, sin letras, sin marcas, sin empaques comerciales. Plato principal servido en plato infantil de cerámica crema, porción pequeña. PLATILLO: Pasta con Pavo y Pimientos, con pasta integral, pechuga de pavo, pimiento rojo, servido de forma apetitosa y natural"
pasta-de-aguacate,almuerzo,receta-pasta-de-aguacate.webp,1:1,"Fotografía gastronómica apetitosa y realista de comida para niños, servida sobre mesa de madera clara, luz natural suave de ventana lateral, ángulo cenital a 45 grados, fondo cálido neutro ligeramente desenfocado, props mínimos: servilleta de tela en tono verde manzana o menta y cubierto infantil, porción de tamaño infantil, colores naturales vivos del alimento, aspecto casero y fresco, sin manos, sin personas, sin texto, sin letras, sin marcas, sin empaques comerciales. Plato principal servido en plato infantil de cerámica crema, porción pequeña. PLATILLO: Pasta de Aguacate, con pasta corta, aguacate maduro, queso parmesano rallado, servido de forma apetitosa y natural"
pasta-jardin-de-verduras,almuerzo,receta-pasta-jardin-de-verduras.webp,1:1,"Fotografía gastronómica apetitosa y realista de comida para niños, servida sobre mesa de madera clara, luz natural suave de ventana lateral, ángulo cenital a 45 grados, fondo cálido neutro ligeramente desenfocado, props mínimos: servilleta de tela en tono verde manzana o menta y cubierto infantil, porción de tamaño infantil, colores naturales vivos del alimento, aspecto casero y fresco, sin manos, sin personas, sin texto, sin letras, sin marcas, sin empaques comerciales. Plato principal servido en plato infantil de cerámica crema, porción pequeña. PLATILLO: Pasta Jardín de Verduras, con pasta integral, calabacita, pimiento rojo, servido de forma apetitosa y natural"
pastel-de-avena-y-platano,postre,receta-pastel-de-avena-y-platano.webp,1:1,"Fotografía gastronómica apetitosa y realista de comida para niños, servida sobre mesa de madera clara, luz natural suave de ventana lateral, ángulo cenital a 45 grados, fondo cálido neutro ligeramente desenfocado, props mínimos: servilleta de tela en tono verde manzana o menta y cubierto infantil, porción de tamaño infantil, colores naturales vivos del alimento, aspecto casero y fresco, sin manos, sin personas, sin texto, sin letras, sin marcas, sin empaques comerciales. Porción individual pequeña en recipiente infantil, presentación sencilla sin decoración excesiva. PLATILLO: Pastel de Avena y Plátano, con plátano, harina de avena, huevo, servido de forma apetitosa y natural"
pastel-de-naranja,postre,receta-pastel-de-naranja.webp,1:1,"Fotografía gastronómica apetitosa y realista de comida para niños, servida sobre mesa de madera clara, luz natural suave de ventana lateral, ángulo cenital a 45 grados, fondo cálido neutro ligeramente desenfocado, props mínimos: servilleta de tela en tono verde manzana o menta y cubierto infantil, porción de tamaño infantil, colores naturales vivos del alimento, aspecto casero y fresco, sin manos, sin personas, sin texto, sin letras, sin marcas, sin empaques comerciales. Porción individual pequeña en recipiente infantil, presentación sencilla sin decoración excesiva. PLATILLO: Pastel de Naranja, con huevo, harina de avena, azúcar, servido de forma apetitosa y natural"
pastel-de-zanahoria-sin-azucar-refinada,postre,receta-pastel-de-zanahoria-sin-azucar-refinada.webp,1:1,"Fotografía gastronómica apetitosa y realista de comida para niños, servida sobre mesa de madera clara, luz natural suave de ventana lateral, ángulo cenital a 45 grados, fondo cálido neutro ligeramente desenfocado, props mínimos: servilleta de tela en tono verde manzana o menta y cubierto infantil, porción de tamaño infantil, colores naturales vivos del alimento, aspecto casero y fresco, sin manos, sin personas, sin texto, sin letras, sin marcas, sin empaques comerciales. Porción individual pequeña en recipiente infantil, presentación sencilla sin decoración excesiva. PLATILLO: Pastel de Zanahoria sin Azúcar Refinada, con zanahoria, harina de avena, huevo, servido de forma apetitosa y natural"
pescadito-dorado-con-pure-cremoso,almuerzo,receta-pescadito-dorado-con-pure-cremoso.webp,1:1,"Fotografía gastronómica apetitosa y realista de comida para niños, servida sobre mesa de madera clara, luz natural suave de ventana lateral, ángulo cenital a 45 grados, fondo cálido neutro ligeramente desenfocado, props mínimos: servilleta de tela en tono verde manzana o menta y cubierto infantil, porción de tamaño infantil, colores naturales vivos del alimento, aspecto casero y fresco, sin manos, sin personas, sin texto, sin letras, sin marcas, sin empaques comerciales. Plato principal servido en plato infantil de cerámica crema, porción pequeña. PLATILLO: Pescadito Dorado con Puré Cremoso, con filete de pescado blanco, papa, mantequilla, servido de forma apetitosa y natural"
pescado-blanco-con-salsa-de-kiwi,almuerzo,receta-pescado-blanco-con-salsa-de-kiwi.webp,1:1,"Fotografía gastronómica apetitosa y realista de comida para niños, servida sobre mesa de madera clara, luz natural suave de ventana lateral, ángulo cenital a 45 grados, fondo cálido neutro ligeramente desenfocado, props mínimos: servilleta de tela en tono verde manzana o menta y cubierto infantil, porción de tamaño infantil, colores naturales vivos del alimento, aspecto casero y fresco, sin manos, sin personas, sin texto, sin letras, sin marcas, sin empaques comerciales. Plato principal servido en plato infantil de cerámica crema, porción pequeña. PLATILLO: Pescado Blanco con Salsa de Kiwi, con pescado blanco, kiwi, servido de forma apetitosa y natural"
picadillo-de-res-con-zanahoria-y-arvejas,cena,receta-picadillo-de-res-con-zanahoria-y-arvejas.webp,1:1,"Fotografía gastronómica apetitosa y realista de comida para niños, servida sobre mesa de madera clara, luz natural suave de ventana lateral, ángulo cenital a 45 grados, fondo cálido neutro ligeramente desenfocado, props mínimos: servilleta de tela en tono verde manzana o menta y cubierto infantil, porción de tamaño infantil, colores naturales vivos del alimento, aspecto casero y fresco, sin manos, sin personas, sin texto, sin letras, sin marcas, sin empaques comerciales. Plato principal servido en plato infantil de cerámica crema, porción pequeña, ambiente cálido de cena. PLATILLO: Picadillo de Res con Zanahoria y Arvejas, con carne molida de res, zanahoria, arvejas, servido de forma apetitosa y natural"
pie-de-limon,postre,receta-pie-de-limon.webp,1:1,"Fotografía gastronómica apetitosa y realista de comida para niños, servida sobre mesa de madera clara, luz natural suave de ventana lateral, ángulo cenital a 45 grados, fondo cálido neutro ligeramente desenfocado, props mínimos: servilleta de tela en tono verde manzana o menta y cubierto infantil, porción de tamaño infantil, colores naturales vivos del alimento, aspecto casero y fresco, sin manos, sin personas, sin texto, sin letras, sin marcas, sin empaques comerciales. Porción individual pequeña en recipiente infantil, presentación sencilla sin decoración excesiva. PLATILLO: Pie de Limón, con harina de avena, crema de maní, miel, servido de forma apetitosa y natural"
pina-asada,colacion,receta-pina-asada.webp,1:1,"Fotografía gastronómica apetitosa y realista de comida para niños, servida sobre mesa de madera clara, luz natural suave de ventana lateral, ángulo cenital a 45 grados, fondo cálido neutro ligeramente desenfocado, props mínimos: servilleta de tela en tono verde manzana o menta y cubierto infantil, porción de tamaño infantil, colores naturales vivos del alimento, aspecto casero y fresco, sin manos, sin personas, sin texto, sin letras, sin marcas, sin empaques comerciales. Porción para llevar sobre servilleta de tela, presentación sencilla. PLATILLO: Piña Asada, con piña madura, palillos de brocheta, canela en polvo, servido de forma apetitosa y natural"
pinchos-de-frutas-con-chocolate,colacion,receta-pinchos-de-frutas-con-chocolate.webp,1:1,"Fotografía gastronómica apetitosa y realista de comida para niños, servida sobre mesa de madera clara, luz natural suave de ventana lateral, ángulo cenital a 45 grados, fondo cálido neutro ligeramente desenfocado, props mínimos: servilleta de tela en tono verde manzana o menta y cubierto infantil, porción de tamaño infantil, colores naturales vivos del alimento, aspecto casero y fresco, sin manos, sin personas, sin texto, sin letras, sin marcas, sin empaques comerciales. Porción para llevar sobre servilleta de tela, presentación sencilla. PLATILLO: Pinchos de Frutas con Chocolate, con frutas variadas, chocolate amargo, palillos de brocheta, servido de forma apetitosa y natural"
pizza-de-berenjena,cena,receta-pizza-de-berenjena.webp,1:1,"Fotografía gastronómica apetitosa y realista de comida para niños, servida sobre mesa de madera clara, luz natural suave de ventana lateral, ángulo cenital a 45 grados, fondo cálido neutro ligeramente desenfocado, props mínimos: servilleta de tela en tono verde manzana o menta y cubierto infantil, porción de tamaño infantil, colores naturales vivos del alimento, aspecto casero y fresco, sin manos, sin personas, sin texto, sin letras, sin marcas, sin empaques comerciales. Plato principal servido en plato infantil de cerámica crema, porción pequeña, ambiente cálido de cena. PLATILLO: Pizza de Berenjena, con berenjena, tomate, hongos, servido de forma apetitosa y natural"
pizza-de-coliflor-blw,cena,receta-pizza-de-coliflor-blw.webp,1:1,"Fotografía gastronómica apetitosa y realista de comida para niños, servida sobre mesa de madera clara, luz natural suave de ventana lateral, ángulo cenital a 45 grados, fondo cálido neutro ligeramente desenfocado, props mínimos: servilleta de tela en tono verde manzana o menta y cubierto infantil, porción de tamaño infantil, colores naturales vivos del alimento, aspecto casero y fresco, sin manos, sin personas, sin texto, sin letras, sin marcas, sin empaques comerciales. Plato principal servido en plato infantil de cerámica crema, porción pequeña, ambiente cálido de cena. PLATILLO: Pizza de coliflor BLW sin gluten, con coliflor rallada, huevo, queso rallado sin sal, servido de forma apetitosa y natural"
pizza-de-pollo-y-queso,cena,receta-pizza-de-pollo-y-queso.webp,1:1,"Fotografía gastronómica apetitosa y realista de comida para niños, servida sobre mesa de madera clara, luz natural suave de ventana lateral, ángulo cenital a 45 grados, fondo cálido neutro ligeramente desenfocado, props mínimos: servilleta de tela en tono verde manzana o menta y cubierto infantil, porción de tamaño infantil, colores naturales vivos del alimento, aspecto casero y fresco, sin manos, sin personas, sin texto, sin letras, sin marcas, sin empaques comerciales. Plato principal servido en plato infantil de cerámica crema, porción pequeña, ambiente cálido de cena. PLATILLO: Pizza de pollo y queso, con base de pizza, salsa de tomate casera, pollo desmenuzado, servido de forma apetitosa y natural"
pizza-de-pollo,almuerzo,receta-pizza-de-pollo.webp,1:1,"Fotografía gastronómica apetitosa y realista de comida para niños, servida sobre mesa de madera clara, luz natural suave de ventana lateral, ángulo cenital a 45 grados, fondo cálido neutro ligeramente desenfocado, props mínimos: servilleta de tela en tono verde manzana o menta y cubierto infantil, porción de tamaño infantil, colores naturales vivos del alimento, aspecto casero y fresco, sin manos, sin personas, sin texto, sin letras, sin marcas, sin empaques comerciales. Plato principal servido en plato infantil de cerámica crema, porción pequeña. PLATILLO: Pizza de Pollo, con pechuga de pollo, huevo, clara de huevo, servido de forma apetitosa y natural"
platano-maduro-dorado-con-queso-fresco,desayuno,receta-platano-maduro-dorado-con-queso-fresco.webp,1:1,"Fotografía gastronómica apetitosa y realista de comida para niños, servida sobre mesa de madera clara, luz natural suave de ventana lateral, ángulo cenital a 45 grados, fondo cálido neutro ligeramente desenfocado, props mínimos: servilleta de tela en tono verde manzana o menta y cubierto infantil, porción de tamaño infantil, colores naturales vivos del alimento, aspecto casero y fresco, sin manos, sin personas, sin texto, sin letras, sin marcas, sin empaques comerciales. Servicio matutino en plato infantil de cerámica crema, luz más clara y fresca. PLATILLO: Plátano Maduro Dorado con Queso Fresco, con plátano maduro, queso fresco, canela en polvo, servido de forma apetitosa y natural"
pollo-a-la-naranja-para-bebe,cena,receta-pollo-a-la-naranja-para-bebe.webp,1:1,"Fotografía gastronómica apetitosa y realista de comida para niños, servida sobre mesa de madera clara, luz natural suave de ventana lateral, ángulo cenital a 45 grados, fondo cálido neutro ligeramente desenfocado, props mínimos: servilleta de tela en tono verde manzana o menta y cubierto infantil, porción de tamaño infantil, colores naturales vivos del alimento, aspecto casero y fresco, sin manos, sin personas, sin texto, sin letras, sin marcas, sin empaques comerciales. Plato principal servido en plato infantil de cerámica crema, porción pequeña, ambiente cálido de cena. PLATILLO: Pollo a la naranja para bebés, con pechuga de pollo, naranja, zanahoria, servido de forma apetitosa y natural"
pollo-a-la-naranja,almuerzo,receta-pollo-a-la-naranja.webp,1:1,"Fotografía gastronómica apetitosa y realista de comida para niños, servida sobre mesa de madera clara, luz natural suave de ventana lateral, ángulo cenital a 45 grados, fondo cálido neutro ligeramente desenfocado, props mínimos: servilleta de tela en tono verde manzana o menta y cubierto infantil, porción de tamaño infantil, colores naturales vivos del alimento, aspecto casero y fresco, sin manos, sin personas, sin texto, sin letras, sin marcas, sin empaques comerciales. Plato principal servido en plato infantil de cerámica crema, porción pequeña. PLATILLO: Pollo a la Naranja, con pechuga de pollo, naranja, miel, servido de forma apetitosa y natural"
pollo-al-horno-con-verduras,almuerzo,receta-pollo-al-horno-con-verduras.webp,1:1,"Fotografía gastronómica apetitosa y realista de comida para niños, servida sobre mesa de madera clara, luz natural suave de ventana lateral, ángulo cenital a 45 grados, fondo cálido neutro ligeramente desenfocado, props mínimos: servilleta de tela en tono verde manzana o menta y cubierto infantil, porción de tamaño infantil, colores naturales vivos del alimento, aspecto casero y fresco, sin manos, sin personas, sin texto, sin letras, sin marcas, sin empaques comerciales. Plato principal servido en plato infantil de cerámica crema, porción pequeña. PLATILLO: Pollo al Horno con Verduras, con pechuga de pollo, zanahoria, calabacita, servido de forma apetitosa y natural"
pollo-guisado-con-pimientos-y-tomate,almuerzo,receta-pollo-guisado-con-pimientos-y-tomate.webp,1:1,"Fotografía gastronómica apetitosa y realista de comida para niños, servida sobre mesa de madera clara, luz natural suave de ventana lateral, ángulo cenital a 45 grados, fondo cálido neutro ligeramente desenfocado, props mínimos: servilleta de tela en tono verde manzana o menta y cubierto infantil, porción de tamaño infantil, colores naturales vivos del alimento, aspecto casero y fresco, sin manos, sin personas, sin texto, sin letras, sin marcas, sin empaques comerciales. Plato principal servido en plato infantil de cerámica crema, porción pequeña. PLATILLO: Pollo Guisado con Pimientos y Tomate, con pechuga de pollo, pimiento rojo, tomate, servido de forma apetitosa y natural"
postre-dulce-de-aguacate,postre,receta-postre-dulce-de-aguacate.webp,1:1,"Fotografía gastronómica apetitosa y realista de comida para niños, servida sobre mesa de madera clara, luz natural suave de ventana lateral, ángulo cenital a 45 grados, fondo cálido neutro ligeramente desenfocado, props mínimos: servilleta de tela en tono verde manzana o menta y cubierto infantil, porción de tamaño infantil, colores naturales vivos del alimento, aspecto casero y fresco, sin manos, sin personas, sin texto, sin letras, sin marcas, sin empaques comerciales. Porción individual pequeña en recipiente infantil, presentación sencilla sin decoración excesiva. PLATILLO: Postre Dulce de Aguacate, con dulce de leche, queso crema, crema de leche, servido de forma apetitosa y natural"
puchero-suave-con-garbanzos,almuerzo,receta-puchero-suave-con-garbanzos.webp,1:1,"Fotografía gastronómica apetitosa y realista de comida para niños, servida sobre mesa de madera clara, luz natural suave de ventana lateral, ángulo cenital a 45 grados, fondo cálido neutro ligeramente desenfocado, props mínimos: servilleta de tela en tono verde manzana o menta y cubierto infantil, porción de tamaño infantil, colores naturales vivos del alimento, aspecto casero y fresco, sin manos, sin personas, sin texto, sin letras, sin marcas, sin empaques comerciales. Plato principal servido en plato infantil de cerámica crema, porción pequeña. PLATILLO: Puchero suave con garbanzos, con carne de res magra, garbanzos cocidos, zanahoria, servido de forma apetitosa y natural"
pudin-de-chocolate,postre,receta-pudin-de-chocolate.webp,1:1,"Fotografía gastronómica apetitosa y realista de comida para niños, servida sobre mesa de madera clara, luz natural suave de ventana lateral, ángulo cenital a 45 grados, fondo cálido neutro ligeramente desenfocado, props mínimos: servilleta de tela en tono verde manzana o menta y cubierto infantil, porción de tamaño infantil, colores naturales vivos del alimento, aspecto casero y fresco, sin manos, sin personas, sin texto, sin letras, sin marcas, sin empaques comerciales. Porción individual pequeña en recipiente infantil, presentación sencilla sin decoración excesiva. PLATILLO: Pudín de Chocolate, con leche, maicena, cacao en polvo, servido de forma apetitosa y natural"
pure-de-berenjena,papilla,receta-pure-de-berenjena.webp,1:1,"Fotografía gastronómica apetitosa y realista de comida para niños, servida sobre mesa de madera clara, luz natural suave de ventana lateral, ángulo cenital a 45 grados, fondo cálido neutro ligeramente desenfocado, props mínimos: servilleta de tela en tono verde manzana o menta y cubierto infantil, porción de tamaño infantil, colores naturales vivos del alimento, aspecto casero y fresco, sin manos, sin personas, sin texto, sin letras, sin marcas, sin empaques comerciales. Servido en bowl pequeño de silicona color menta, textura de puré visible, cuchara de bebé al lado. PLATILLO: Puré de berenjena, con berenjena, servido de forma apetitosa y natural"
pure-de-brocoli-y-espinaca,papilla,receta-pure-de-brocoli-y-espinaca.webp,1:1,"Fotografía gastronómica apetitosa y realista de comida para niños, servida sobre mesa de madera clara, luz natural suave de ventana lateral, ángulo cenital a 45 grados, fondo cálido neutro ligeramente desenfocado, props mínimos: servilleta de tela en tono verde manzana o menta y cubierto infantil, porción de tamaño infantil, colores naturales vivos del alimento, aspecto casero y fresco, sin manos, sin personas, sin texto, sin letras, sin marcas, sin empaques comerciales. Servido en bowl pequeño de silicona color menta, textura de puré visible, cuchara de bebé al lado. PLATILLO: Puré de brócoli y espinaca, con brócoli, espinaca, papa, servido de forma apetitosa y natural"
pure-de-brocoli-y-pollo,papilla,receta-pure-de-brocoli-y-pollo.webp,1:1,"Fotografía gastronómica apetitosa y realista de comida para niños, servida sobre mesa de madera clara, luz natural suave de ventana lateral, ángulo cenital a 45 grados, fondo cálido neutro ligeramente desenfocado, props mínimos: servilleta de tela en tono verde manzana o menta y cubierto infantil, porción de tamaño infantil, colores naturales vivos del alimento, aspecto casero y fresco, sin manos, sin personas, sin texto, sin letras, sin marcas, sin empaques comerciales. Servido en bowl pequeño de silicona color menta, textura de puré visible, cuchara de bebé al lado. PLATILLO: Puré de brócoli y pollo, con pechuga de pollo sin piel, brócoli, servido de forma apetitosa y natural"
pure-de-calabacin-y-papa,papilla,receta-pure-de-calabacin-y-papa.webp,1:1,"Fotografía gastronómica apetitosa y realista de comida para niños, servida sobre mesa de madera clara, luz natural suave de ventana lateral, ángulo cenital a 45 grados, fondo cálido neutro ligeramente desenfocado, props mínimos: servilleta de tela en tono verde manzana o menta y cubierto infantil, porción de tamaño infantil, colores naturales vivos del alimento, aspecto casero y fresco, sin manos, sin personas, sin texto, sin letras, sin marcas, sin empaques comerciales. Servido en bowl pequeño de silicona color menta, textura de puré visible, cuchara de bebé al lado. PLATILLO: Puré de calabacín y papa, con calabacín, papa, servido de forma apetitosa y natural"
pure-de-calabaza-asada-y-manzana,papilla,receta-pure-de-calabaza-asada-y-manzana.webp,1:1,"Fotografía gastronómica apetitosa y realista de comida para niños, servida sobre mesa de madera clara, luz natural suave de ventana lateral, ángulo cenital a 45 grados, fondo cálido neutro ligeramente desenfocado, props mínimos: servilleta de tela en tono verde manzana o menta y cubierto infantil, porción de tamaño infantil, colores naturales vivos del alimento, aspecto casero y fresco, sin manos, sin personas, sin texto, sin letras, sin marcas, sin empaques comerciales. Servido en bowl pequeño de silicona color menta, textura de puré visible, cuchara de bebé al lado. PLATILLO: Puré de calabaza asada y manzana, con calabaza, manzana, servido de forma apetitosa y natural"
pure-de-espinaca-y-papa,papilla,receta-pure-de-espinaca-y-papa.webp,1:1,"Fotografía gastronómica apetitosa y realista de comida para niños, servida sobre mesa de madera clara, luz natural suave de ventana lateral, ángulo cenital a 45 grados, fondo cálido neutro ligeramente desenfocado, props mínimos: servilleta de tela en tono verde manzana o menta y cubierto infantil, porción de tamaño infantil, colores naturales vivos del alimento, aspecto casero y fresco, sin manos, sin personas, sin texto, sin letras, sin marcas, sin empaques comerciales. Servido en bowl pequeño de silicona color menta, textura de puré visible, cuchara de bebé al lado. PLATILLO: Puré de espinaca y papa, con papa, espinacas frescas, servido de forma apetitosa y natural"
pure-de-espinacas-y-papa,almuerzo,receta-pure-de-espinacas-y-papa.webp,1:1,"Fotografía gastronómica apetitosa y realista de comida para niños, servida sobre mesa de madera clara, luz natural suave de ventana lateral, ángulo cenital a 45 grados, fondo cálido neutro ligeramente desenfocado, props mínimos: servilleta de tela en tono verde manzana o menta y cubierto infantil, porción de tamaño infantil, colores naturales vivos del alimento, aspecto casero y fresco, sin manos, sin personas, sin texto, sin letras, sin marcas, sin empaques comerciales. Plato principal servido en plato infantil de cerámica crema, porción pequeña. PLATILLO: Puré de Espinacas y Papa, con papa, espinacas frescas, mantequilla o aceite de oliva, servido de forma apetitosa y natural"
pure-de-fresas-y-platano,papilla,receta-pure-de-fresas-y-platano.webp,1:1,"Fotografía gastronómica apetitosa y realista de comida para niños, servida sobre mesa de madera clara, luz natural suave de ventana lateral, ángulo cenital a 45 grados, fondo cálido neutro ligeramente desenfocado, props mínimos: servilleta de tela en tono verde manzana o menta y cubierto infantil, porción de tamaño infantil, colores naturales vivos del alimento, aspecto casero y fresco, sin manos, sin personas, sin texto, sin letras, sin marcas, sin empaques comerciales. Servido en bowl pequeño de silicona color menta, textura de puré visible, cuchara de bebé al lado. PLATILLO: Puré de fresas y plátano, con plátano maduro, fresas frescas, servido de forma apetitosa y natural"
pure-de-lentejas-y-calabacin,papilla,receta-pure-de-lentejas-y-calabacin.webp,1:1,"Fotografía gastronómica apetitosa y realista de comida para niños, servida sobre mesa de madera clara, luz natural suave de ventana lateral, ángulo cenital a 45 grados, fondo cálido neutro ligeramente desenfocado, props mínimos: servilleta de tela en tono verde manzana o menta y cubierto infantil, porción de tamaño infantil, colores naturales vivos del alimento, aspecto casero y fresco, sin manos, sin personas, sin texto, sin letras, sin marcas, sin empaques comerciales. Servido en bowl pequeño de silicona color menta, textura de puré visible, cuchara de bebé al lado. PLATILLO: Puré de Lentejas y Calabacín, con lentejas cocidas, calabacín, servido de forma apetitosa y natural"
pure-de-mango-y-coco,papilla,receta-pure-de-mango-y-coco.webp,1:1,"Fotografía gastronómica apetitosa y realista de comida para niños, servida sobre mesa de madera clara, luz natural suave de ventana lateral, ángulo cenital a 45 grados, fondo cálido neutro ligeramente desenfocado, props mínimos: servilleta de tela en tono verde manzana o menta y cubierto infantil, porción de tamaño infantil, colores naturales vivos del alimento, aspecto casero y fresco, sin manos, sin personas, sin texto, sin letras, sin marcas, sin empaques comerciales. Servido en bowl pequeño de silicona color menta, textura de puré visible, cuchara de bebé al lado. PLATILLO: Puré de mango y coco, con mango maduro, leche de coco natural, servido de forma apetitosa y natural"
pure-de-papa-con-brocoli,almuerzo,receta-pure-de-papa-con-brocoli.webp,1:1,"Fotografía gastronómica apetitosa y realista de comida para niños, servida sobre mesa de madera clara, luz natural suave de ventana lateral, ángulo cenital a 45 grados, fondo cálido neutro ligeramente desenfocado, props mínimos: servilleta de tela en tono verde manzana o menta y cubierto infantil, porción de tamaño infantil, colores naturales vivos del alimento, aspecto casero y fresco, sin manos, sin personas, sin texto, sin letras, sin marcas, sin empaques comerciales. Plato principal servido en plato infantil de cerámica crema, porción pequeña. PLATILLO: Puré de Papa con Brócoli, con papa, brócoli, mantequilla, servido de forma apetitosa y natural"
pure-de-papa-y-aguacate,papilla,receta-pure-de-papa-y-aguacate.webp,1:1,"Fotografía gastronómica apetitosa y realista de comida para niños, servida sobre mesa de madera clara, luz natural suave de ventana lateral, ángulo cenital a 45 grados, fondo cálido neutro ligeramente desenfocado, props mínimos: servilleta de tela en tono verde manzana o menta y cubierto infantil, porción de tamaño infantil, colores naturales vivos del alimento, aspecto casero y fresco, sin manos, sin personas, sin texto, sin letras, sin marcas, sin empaques comerciales. Servido en bowl pequeño de silicona color menta, textura de puré visible, cuchara de bebé al lado. PLATILLO: Puré de papa y aguacate, con papa, aguacate maduro, leche materna o fórmula, servido de forma apetitosa y natural"
pure-de-papa-y-coliflor,papilla,receta-pure-de-papa-y-coliflor.webp,1:1,"Fotografía gastronómica apetitosa y realista de comida para niños, servida sobre mesa de madera clara, luz natural suave de ventana lateral, ángulo cenital a 45 grados, fondo cálido neutro ligeramente desenfocado, props mínimos: servilleta de tela en tono verde manzana o menta y cubierto infantil, porción de tamaño infantil, colores naturales vivos del alimento, aspecto casero y fresco, sin manos, sin personas, sin texto, sin letras, sin marcas, sin empaques comerciales. Servido en bowl pequeño de silicona color menta, textura de puré visible, cuchara de bebé al lado. PLATILLO: Puré de papa y coliflor, con papa, coliflor, servido de forma apetitosa y natural"
pure-de-pera-y-papa,papilla,receta-pure-de-pera-y-papa.webp,1:1,"Fotografía gastronómica apetitosa y realista de comida para niños, servida sobre mesa de madera clara, luz natural suave de ventana lateral, ángulo cenital a 45 grados, fondo cálido neutro ligeramente desenfocado, props mínimos: servilleta de tela en tono verde manzana o menta y cubierto infantil, porción de tamaño infantil, colores naturales vivos del alimento, aspecto casero y fresco, sin manos, sin personas, sin texto, sin letras, sin marcas, sin empaques comerciales. Servido en bowl pequeño de silicona color menta, textura de puré visible, cuchara de bebé al lado. PLATILLO: Puré de pera y papa, con pera madura, papa, servido de forma apetitosa y natural"
pure-de-remolacha-y-naranja,papilla,receta-pure-de-remolacha-y-naranja.webp,1:1,"Fotografía gastronómica apetitosa y realista de comida para niños, servida sobre mesa de madera clara, luz natural suave de ventana lateral, ángulo cenital a 45 grados, fondo cálido neutro ligeramente desenfocado, props mínimos: servilleta de tela en tono verde manzana o menta y cubierto infantil, porción de tamaño infantil, colores naturales vivos del alimento, aspecto casero y fresco, sin manos, sin personas, sin texto, sin letras, sin marcas, sin empaques comerciales. Servido en bowl pequeño de silicona color menta, textura de puré visible, cuchara de bebé al lado. PLATILLO: Puré de remolacha y naranja, con remolacha, naranja, servido de forma apetitosa y natural"
pure-de-sandia-y-fresas,papilla,receta-pure-de-sandia-y-fresas.webp,1:1,"Fotografía gastronómica apetitosa y realista de comida para niños, servida sobre mesa de madera clara, luz natural suave de ventana lateral, ángulo cenital a 45 grados, fondo cálido neutro ligeramente desenfocado, props mínimos: servilleta de tela en tono verde manzana o menta y cubierto infantil, porción de tamaño infantil, colores naturales vivos del alimento, aspecto casero y fresco, sin manos, sin personas, sin texto, sin letras, sin marcas, sin empaques comerciales. Servido en bowl pequeño de silicona color menta, textura de puré visible, cuchara de bebé al lado. PLATILLO: Puré de Sandía y Fresas, con sandía, fresas, servido de forma apetitosa y natural"
pure-de-zanahoria-y-chirivia,papilla,receta-pure-de-zanahoria-y-chirivia.webp,1:1,"Fotografía gastronómica apetitosa y realista de comida para niños, servida sobre mesa de madera clara, luz natural suave de ventana lateral, ángulo cenital a 45 grados, fondo cálido neutro ligeramente desenfocado, props mínimos: servilleta de tela en tono verde manzana o menta y cubierto infantil, porción de tamaño infantil, colores naturales vivos del alimento, aspecto casero y fresco, sin manos, sin personas, sin texto, sin letras, sin marcas, sin empaques comerciales. Servido en bowl pequeño de silicona color menta, textura de puré visible, cuchara de bebé al lado. PLATILLO: Puré de zanahoria y chirivía, con zanahoria, chirivía, servido de forma apetitosa y natural"
pure-de-zanahoria-y-papa,papilla,receta-pure-de-zanahoria-y-papa.webp,1:1,"Fotografía gastronómica apetitosa y realista de comida para niños, servida sobre mesa de madera clara, luz natural suave de ventana lateral, ángulo cenital a 45 grados, fondo cálido neutro ligeramente desenfocado, props mínimos: servilleta de tela en tono verde manzana o menta y cubierto infantil, porción de tamaño infantil, colores naturales vivos del alimento, aspecto casero y fresco, sin manos, sin personas, sin texto, sin letras, sin marcas, sin empaques comerciales. Servido en bowl pequeño de silicona color menta, textura de puré visible, cuchara de bebé al lado. PLATILLO: Puré de zanahoria y papa, con zanahoria, papa, servido de forma apetitosa y natural"
pure-espeso-de-camote-y-papa,papilla,receta-pure-espeso-de-camote-y-papa.webp,1:1,"Fotografía gastronómica apetitosa y realista de comida para niños, servida sobre mesa de madera clara, luz natural suave de ventana lateral, ángulo cenital a 45 grados, fondo cálido neutro ligeramente desenfocado, props mínimos: servilleta de tela en tono verde manzana o menta y cubierto infantil, porción de tamaño infantil, colores naturales vivos del alimento, aspecto casero y fresco, sin manos, sin personas, sin texto, sin letras, sin marcas, sin empaques comerciales. Servido en bowl pequeño de silicona color menta, textura de puré visible, cuchara de bebé al lado. PLATILLO: Puré espeso de camote y papa, con camote, papa, servido de forma apetitosa y natural"
pure-rapido-de-platano-y-durazno,papilla,receta-pure-rapido-de-platano-y-durazno.webp,1:1,"Fotografía gastronómica apetitosa y realista de comida para niños, servida sobre mesa de madera clara, luz natural suave de ventana lateral, ángulo cenital a 45 grados, fondo cálido neutro ligeramente desenfocado, props mínimos: servilleta de tela en tono verde manzana o menta y cubierto infantil, porción de tamaño infantil, colores naturales vivos del alimento, aspecto casero y fresco, sin manos, sin personas, sin texto, sin letras, sin marcas, sin empaques comerciales. Servido en bowl pequeño de silicona color menta, textura de puré visible, cuchara de bebé al lado. PLATILLO: Puré rápido de plátano y durazno, con plátano maduro, durazno, leche materna o fórmula, servido de forma apetitosa y natural"
quequitos-de-pure-de-manzana,colacion,receta-quequitos-de-pure-de-manzana.webp,1:1,"Fotografía gastronómica apetitosa y realista de comida para niños, servida sobre mesa de madera clara, luz natural suave de ventana lateral, ángulo cenital a 45 grados, fondo cálido neutro ligeramente desenfocado, props mínimos: servilleta de tela en tono verde manzana o menta y cubierto infantil, porción de tamaño infantil, colores naturales vivos del alimento, aspecto casero y fresco, sin manos, sin personas, sin texto, sin letras, sin marcas, sin empaques comerciales. Porción para llevar sobre servilleta de tela, presentación sencilla. PLATILLO: Quequitos de puré de manzana y canela, con harina de avena, puré de manzana, huevo, servido de forma apetitosa y natural"
quesadilla-mananera-de-frijol-y-queso,desayuno,receta-quesadilla-mananera-de-frijol-y-queso.webp,1:1,"Fotografía gastronómica apetitosa y realista de comida para niños, servida sobre mesa de madera clara, luz natural suave de ventana lateral, ángulo cenital a 45 grados, fondo cálido neutro ligeramente desenfocado, props mínimos: servilleta de tela en tono verde manzana o menta y cubierto infantil, porción de tamaño infantil, colores naturales vivos del alimento, aspecto casero y fresco, sin manos, sin personas, sin texto, sin letras, sin marcas, sin empaques comerciales. Servicio matutino en plato infantil de cerámica crema, luz más clara y fresca. PLATILLO: Quesadilla Mañanera de Frijol y Queso, con tortilla de maíz, frijoles negros cocidos, queso fresco, servido de forma apetitosa y natural"
quesadillas-de-atun-y-calabacita,cena,receta-quesadillas-de-atun-y-calabacita.webp,1:1,"Fotografía gastronómica apetitosa y realista de comida para niños, servida sobre mesa de madera clara, luz natural suave de ventana lateral, ángulo cenital a 45 grados, fondo cálido neutro ligeramente desenfocado, props mínimos: servilleta de tela en tono verde manzana o menta y cubierto infantil, porción de tamaño infantil, colores naturales vivos del alimento, aspecto casero y fresco, sin manos, sin personas, sin texto, sin letras, sin marcas, sin empaques comerciales. Plato principal servido en plato infantil de cerámica crema, porción pequeña, ambiente cálido de cena. PLATILLO: Quesadillas de Atún y Calabacita, con tortillas de maíz, atún en agua, calabacita, servido de forma apetitosa y natural"
quinoa-con-verduras-al-vapor,almuerzo,receta-quinoa-con-verduras-al-vapor.webp,1:1,"Fotografía gastronómica apetitosa y realista de comida para niños, servida sobre mesa de madera clara, luz natural suave de ventana lateral, ángulo cenital a 45 grados, fondo cálido neutro ligeramente desenfocado, props mínimos: servilleta de tela en tono verde manzana o menta y cubierto infantil, porción de tamaño infantil, colores naturales vivos del alimento, aspecto casero y fresco, sin manos, sin personas, sin texto, sin letras, sin marcas, sin empaques comerciales. Plato principal servido en plato infantil de cerámica crema, porción pequeña. PLATILLO: Quinua con Verduras al Vapor, con quinua cocida, zanahoria, calabacita, servido de forma apetitosa y natural"
quinua-salteada-con-pavo-y-verduras,cena,receta-quinua-salteada-con-pavo-y-verduras.webp,1:1,"Fotografía gastronómica apetitosa y realista de comida para niños, servida sobre mesa de madera clara, luz natural suave de ventana lateral, ángulo cenital a 45 grados, fondo cálido neutro ligeramente desenfocado, props mínimos: servilleta de tela en tono verde manzana o menta y cubierto infantil, porción de tamaño infantil, colores naturales vivos del alimento, aspecto casero y fresco, sin manos, sin personas, sin texto, sin letras, sin marcas, sin empaques comerciales. Plato principal servido en plato infantil de cerámica crema, porción pequeña, ambiente cálido de cena. PLATILLO: Quinua Salteada con Pavo y Verduras, con quinua, pavo molido, zanahoria, servido de forma apetitosa y natural"
risotto-de-champinones,almuerzo,receta-risotto-de-champinones.webp,1:1,"Fotografía gastronómica apetitosa y realista de comida para niños, servida sobre mesa de madera clara, luz natural suave de ventana lateral, ángulo cenital a 45 grados, fondo cálido neutro ligeramente desenfocado, props mínimos: servilleta de tela en tono verde manzana o menta y cubierto infantil, porción de tamaño infantil, colores naturales vivos del alimento, aspecto casero y fresco, sin manos, sin personas, sin texto, sin letras, sin marcas, sin empaques comerciales. Plato principal servido en plato infantil de cerámica crema, porción pequeña. PLATILLO: Risotto de Champiñones, con arroz arborio u otro arroz redondo, champiñones, queso parmesano rallado, servido de forma apetitosa y natural"
rollitos-de-banana,colacion,receta-rollitos-de-banana.webp,1:1,"Fotografía gastronómica apetitosa y realista de comida para niños, servida sobre mesa de madera clara, luz natural suave de ventana lateral, ángulo cenital a 45 grados, fondo cálido neutro ligeramente desenfocado, props mínimos: servilleta de tela en tono verde manzana o menta y cubierto infantil, porción de tamaño infantil, colores naturales vivos del alimento, aspecto casero y fresco, sin manos, sin personas, sin texto, sin letras, sin marcas, sin empaques comerciales. Porción para llevar sobre servilleta de tela, presentación sencilla. PLATILLO: Rollitos de Banana, con huevo, harina de avena, leche, servido de forma apetitosa y natural"
rollitos-de-calabacita-y-jamon,cena,receta-rollitos-de-calabacita-y-jamon.webp,1:1,"Fotografía gastronómica apetitosa y realista de comida para niños, servida sobre mesa de madera clara, luz natural suave de ventana lateral, ángulo cenital a 45 grados, fondo cálido neutro ligeramente desenfocado, props mínimos: servilleta de tela en tono verde manzana o menta y cubierto infantil, porción de tamaño infantil, colores naturales vivos del alimento, aspecto casero y fresco, sin manos, sin personas, sin texto, sin letras, sin marcas, sin empaques comerciales. Plato principal servido en plato infantil de cerámica crema, porción pequeña, ambiente cálido de cena. PLATILLO: Rollitos de Calabacita y Jamón Cocido, con calabacita, jamón cocido, queso mozzarella o queso crema, servido de forma apetitosa y natural"
rollitos-de-jamon,lonchera,receta-rollitos-de-jamon.webp,1:1,"Fotografía gastronómica apetitosa y realista de comida para niños, servida sobre mesa de madera clara, luz natural suave de ventana lateral, ángulo cenital a 45 grados, fondo cálido neutro ligeramente desenfocado, props mínimos: servilleta de tela en tono verde manzana o menta y cubierto infantil, porción de tamaño infantil, colores naturales vivos del alimento, aspecto casero y fresco, sin manos, sin personas, sin texto, sin letras, sin marcas, sin empaques comerciales. Servido dentro de un compartimento de lonchera bento abierta, vista cenital. PLATILLO: Rollitos de Jamón, con jamón de pavo, queso en rebanadas, aguacate, servido de forma apetitosa y natural"
rollitos-de-pan-rellenos,desayuno,receta-rollitos-de-pan-rellenos.webp,1:1,"Fotografía gastronómica apetitosa y realista de comida para niños, servida sobre mesa de madera clara, luz natural suave de ventana lateral, ángulo cenital a 45 grados, fondo cálido neutro ligeramente desenfocado, props mínimos: servilleta de tela en tono verde manzana o menta y cubierto infantil, porción de tamaño infantil, colores naturales vivos del alimento, aspecto casero y fresco, sin manos, sin personas, sin texto, sin letras, sin marcas, sin empaques comerciales. Servicio matutino en plato infantil de cerámica crema, luz más clara y fresca. PLATILLO: Rollitos de Pan Rellenos, con pan de molde, crema de maní, banana, servido de forma apetitosa y natural"
rollitos-de-sandwich-estilo-sushi,lonchera,receta-rollitos-de-sandwich-estilo-sushi.webp,1:1,"Fotografía gastronómica apetitosa y realista de comida para niños, servida sobre mesa de madera clara, luz natural suave de ventana lateral, ángulo cenital a 45 grados, fondo cálido neutro ligeramente desenfocado, props mínimos: servilleta de tela en tono verde manzana o menta y cubierto infantil, porción de tamaño infantil, colores naturales vivos del alimento, aspecto casero y fresco, sin manos, sin personas, sin texto, sin letras, sin marcas, sin empaques comerciales. Servido dentro de un compartimento de lonchera bento abierta, vista cenital. PLATILLO: Rollitos de Sándwich Estilo Sushi, con pan integral, salmón cocido, mantequilla, servido de forma apetitosa y natural"
rollo-de-zanahoria,lonchera,receta-rollo-de-zanahoria.webp,1:1,"Fotografía gastronómica apetitosa y realista de comida para niños, servida sobre mesa de madera clara, luz natural suave de ventana lateral, ángulo cenital a 45 grados, fondo cálido neutro ligeramente desenfocado, props mínimos: servilleta de tela en tono verde manzana o menta y cubierto infantil, porción de tamaño infantil, colores naturales vivos del alimento, aspecto casero y fresco, sin manos, sin personas, sin texto, sin letras, sin marcas, sin empaques comerciales. Servido dentro de un compartimento de lonchera bento abierta, vista cenital. PLATILLO: Rollo de Zanahoria, con zanahoria, huevo, maicena, servido de forma apetitosa y natural"
salchichas-de-pollo-caseras,lonchera,receta-salchichas-de-pollo-caseras.webp,1:1,"Fotografía gastronómica apetitosa y realista de comida para niños, servida sobre mesa de madera clara, luz natural suave de ventana lateral, ángulo cenital a 45 grados, fondo cálido neutro ligeramente desenfocado, props mínimos: servilleta de tela en tono verde manzana o menta y cubierto infantil, porción de tamaño infantil, colores naturales vivos del alimento, aspecto casero y fresco, sin manos, sin personas, sin texto, sin letras, sin marcas, sin empaques comerciales. Servido dentro de un compartimento de lonchera bento abierta, vista cenital. PLATILLO: Salchichas de Pollo Caseras, con pechuga de pollo molida, zanahoria, mostaza, servido de forma apetitosa y natural"
salpicon-de-frutas,colacion,receta-salpicon-de-frutas.webp,1:1,"Fotografía gastronómica apetitosa y realista de comida para niños, servida sobre mesa de madera clara, luz natural suave de ventana lateral, ángulo cenital a 45 grados, fondo cálido neutro ligeramente desenfocado, props mínimos: servilleta de tela en tono verde manzana o menta y cubierto infantil, porción de tamaño infantil, colores naturales vivos del alimento, aspecto casero y fresco, sin manos, sin personas, sin texto, sin letras, sin marcas, sin empaques comerciales. Porción para llevar sobre servilleta de tela, presentación sencilla. PLATILLO: Salpicón de Frutas, con piña, mango, fresas, servido de forma apetitosa y natural"
salsa-de-algarroba,colacion,receta-salsa-de-algarroba.webp,1:1,"Fotografía gastronómica apetitosa y realista de comida para niños, servida sobre mesa de madera clara, luz natural suave de ventana lateral, ángulo cenital a 45 grados, fondo cálido neutro ligeramente desenfocado, props mínimos: servilleta de tela en tono verde manzana o menta y cubierto infantil, porción de tamaño infantil, colores naturales vivos del alimento, aspecto casero y fresco, sin manos, sin personas, sin texto, sin letras, sin marcas, sin empaques comerciales. Porción para llevar sobre servilleta de tela, presentación sencilla. PLATILLO: Salsa de algarroba (chocolate BLW), con harina de algarroba, bebida de avena, servido de forma apetitosa y natural"
salsa-de-tomate-casera,almuerzo,receta-salsa-de-tomate-casera.webp,1:1,"Fotografía gastronómica apetitosa y realista de comida para niños, servida sobre mesa de madera clara, luz natural suave de ventana lateral, ángulo cenital a 45 grados, fondo cálido neutro ligeramente desenfocado, props mínimos: servilleta de tela en tono verde manzana o menta y cubierto infantil, porción de tamaño infantil, colores naturales vivos del alimento, aspecto casero y fresco, sin manos, sin personas, sin texto, sin letras, sin marcas, sin empaques comerciales. Plato principal servido en plato infantil de cerámica crema, porción pequeña. PLATILLO: Salsa de Tomate Casera, con tomate, zanahoria, servido de forma apetitosa y natural"
sandwich-de-frutas,lonchera,receta-sandwich-de-frutas.webp,1:1,"Fotografía gastronómica apetitosa y realista de comida para niños, servida sobre mesa de madera clara, luz natural suave de ventana lateral, ángulo cenital a 45 grados, fondo cálido neutro ligeramente desenfocado, props mínimos: servilleta de tela en tono verde manzana o menta y cubierto infantil, porción de tamaño infantil, colores naturales vivos del alimento, aspecto casero y fresco, sin manos, sin personas, sin texto, sin letras, sin marcas, sin empaques comerciales. Servido dentro de un compartimento de lonchera bento abierta, vista cenital. PLATILLO: Sándwich de Frutas, con pan integral, crema de maní, banana, servido de forma apetitosa y natural"
snack-de-manzana,colacion,receta-snack-de-manzana.webp,1:1,"Fotografía gastronómica apetitosa y realista de comida para niños, servida sobre mesa de madera clara, luz natural suave de ventana lateral, ángulo cenital a 45 grados, fondo cálido neutro ligeramente desenfocado, props mínimos: servilleta de tela en tono verde manzana o menta y cubierto infantil, porción de tamaño infantil, colores naturales vivos del alimento, aspecto casero y fresco, sin manos, sin personas, sin texto, sin letras, sin marcas, sin empaques comerciales. Porción para llevar sobre servilleta de tela, presentación sencilla. PLATILLO: Snack de Manzana, con manzana, crema de maní o de almendras, granola o maní finamente triturado, servido de forma apetitosa y natural"
sopa-de-fideos-con-pollo-y-zanahoria,cena,receta-sopa-de-fideos-con-pollo-y-zanahoria.webp,1:1,"Fotografía gastronómica apetitosa y realista de comida para niños, servida sobre mesa de madera clara, luz natural suave de ventana lateral, ángulo cenital a 45 grados, fondo cálido neutro ligeramente desenfocado, props mínimos: servilleta de tela en tono verde manzana o menta y cubierto infantil, porción de tamaño infantil, colores naturales vivos del alimento, aspecto casero y fresco, sin manos, sin personas, sin texto, sin letras, sin marcas, sin empaques comerciales. Plato principal servido en plato infantil de cerámica crema, porción pequeña, ambiente cálido de cena. PLATILLO: Sopa de Fideos con Pollo y Zanahoria, con pechuga de pollo, fideos finos, zanahoria, servido de forma apetitosa y natural"
sorbete-de-mango-y-avena,postre,receta-sorbete-de-mango-y-avena.webp,1:1,"Fotografía gastronómica apetitosa y realista de comida para niños, servida sobre mesa de madera clara, luz natural suave de ventana lateral, ángulo cenital a 45 grados, fondo cálido neutro ligeramente desenfocado, props mínimos: servilleta de tela en tono verde manzana o menta y cubierto infantil, porción de tamaño infantil, colores naturales vivos del alimento, aspecto casero y fresco, sin manos, sin personas, sin texto, sin letras, sin marcas, sin empaques comerciales. Porción individual pequeña en recipiente infantil, presentación sencilla sin decoración excesiva. PLATILLO: Sorbete de Mango y Avena, con leche, avena instantánea, mango, servido de forma apetitosa y natural"
tacos-caseros,lonchera,receta-tacos-caseros.webp,1:1,"Fotografía gastronómica apetitosa y realista de comida para niños, servida sobre mesa de madera clara, luz natural suave de ventana lateral, ángulo cenital a 45 grados, fondo cálido neutro ligeramente desenfocado, props mínimos: servilleta de tela en tono verde manzana o menta y cubierto infantil, porción de tamaño infantil, colores naturales vivos del alimento, aspecto casero y fresco, sin manos, sin personas, sin texto, sin letras, sin marcas, sin empaques comerciales. Servido dentro de un compartimento de lonchera bento abierta, vista cenital. PLATILLO: Tacos Caseros, con tortillas de maíz, pechuga de pollo cocida, lechuga, servido de forma apetitosa y natural"
tallarines-con-salsa-de-calabaza,almuerzo,receta-tallarines-con-salsa-de-calabaza.webp,1:1,"Fotografía gastronómica apetitosa y realista de comida para niños, servida sobre mesa de madera clara, luz natural suave de ventana lateral, ángulo cenital a 45 grados, fondo cálido neutro ligeramente desenfocado, props mínimos: servilleta de tela en tono verde manzana o menta y cubierto infantil, porción de tamaño infantil, colores naturales vivos del alimento, aspecto casero y fresco, sin manos, sin personas, sin texto, sin letras, sin marcas, sin empaques comerciales. Plato principal servido en plato infantil de cerámica crema, porción pequeña. PLATILLO: Tallarines con Salsa de Calabaza, con tallarines integrales, calabaza, leche, servido de forma apetitosa y natural"
tarta-de-cacao-y-espelta-inflada,postre,receta-tarta-de-cacao-y-espelta-inflada.webp,1:1,"Fotografía gastronómica apetitosa y realista de comida para niños, servida sobre mesa de madera clara, luz natural suave de ventana lateral, ángulo cenital a 45 grados, fondo cálido neutro ligeramente desenfocado, props mínimos: servilleta de tela en tono verde manzana o menta y cubierto infantil, porción de tamaño infantil, colores naturales vivos del alimento, aspecto casero y fresco, sin manos, sin personas, sin texto, sin letras, sin marcas, sin empaques comerciales. Porción individual pequeña en recipiente infantil, presentación sencilla sin decoración excesiva. PLATILLO: Tarta de cacao con espelta inflada y crema de fresas y dátiles, con espelta inflada, dátiles, cacao en polvo sin azúcar, servido de forma apetitosa y natural"
tarta-de-manzana-sin-azucar,postre,receta-tarta-de-manzana-sin-azucar.webp,1:1,"Fotografía gastronómica apetitosa y realista de comida para niños, servida sobre mesa de madera clara, luz natural suave de ventana lateral, ángulo cenital a 45 grados, fondo cálido neutro ligeramente desenfocado, props mínimos: servilleta de tela en tono verde manzana o menta y cubierto infantil, porción de tamaño infantil, colores naturales vivos del alimento, aspecto casero y fresco, sin manos, sin personas, sin texto, sin letras, sin marcas, sin empaques comerciales. Porción individual pequeña en recipiente infantil, presentación sencilla sin decoración excesiva. PLATILLO: Tarta de manzana sin azúcar, con manzana, harina de avena, huevo, servido de forma apetitosa y natural"
tarta-fria-de-fresas-y-platano,postre,receta-tarta-fria-de-fresas-y-platano.webp,1:1,"Fotografía gastronómica apetitosa y realista de comida para niños, servida sobre mesa de madera clara, luz natural suave de ventana lateral, ángulo cenital a 45 grados, fondo cálido neutro ligeramente desenfocado, props mínimos: servilleta de tela en tono verde manzana o menta y cubierto infantil, porción de tamaño infantil, colores naturales vivos del alimento, aspecto casero y fresco, sin manos, sin personas, sin texto, sin letras, sin marcas, sin empaques comerciales. Porción individual pequeña en recipiente infantil, presentación sencilla sin decoración excesiva. PLATILLO: Tarta fría de fresas y plátano (sin huevo, sin lácteos, sin horno), con fresas frescas, plátano maduro, hojuelas de avena, servido de forma apetitosa y natural"
tequenos,lonchera,receta-tequenos.webp,1:1,"Fotografía gastronómica apetitosa y realista de comida para niños, servida sobre mesa de madera clara, luz natural suave de ventana lateral, ángulo cenital a 45 grados, fondo cálido neutro ligeramente desenfocado, props mínimos: servilleta de tela en tono verde manzana o menta y cubierto infantil, porción de tamaño infantil, colores naturales vivos del alimento, aspecto casero y fresco, sin manos, sin personas, sin texto, sin letras, sin marcas, sin empaques comerciales. Servido dentro de un compartimento de lonchera bento abierta, vista cenital. PLATILLO: Tequeños, con harina de trigo, huevo, mantequilla, servido de forma apetitosa y natural"
tilapia-al-horno-con-tomate-y-perejil,cena,receta-tilapia-al-horno-con-tomate-y-perejil.webp,1:1,"Fotografía gastronómica apetitosa y realista de comida para niños, servida sobre mesa de madera clara, luz natural suave de ventana lateral, ángulo cenital a 45 grados, fondo cálido neutro ligeramente desenfocado, props mínimos: servilleta de tela en tono verde manzana o menta y cubierto infantil, porción de tamaño infantil, colores naturales vivos del alimento, aspecto casero y fresco, sin manos, sin personas, sin texto, sin letras, sin marcas, sin empaques comerciales. Plato principal servido en plato infantil de cerámica crema, porción pequeña, ambiente cálido de cena. PLATILLO: Tilapia al Horno con Tomate y Perejil, con filetes de tilapia, tomate, servido de forma apetitosa y natural"
torrejas-blw-sin-lactosa,colacion,receta-torrejas-blw-sin-lactosa.webp,1:1,"Fotografía gastronómica apetitosa y realista de comida para niños, servida sobre mesa de madera clara, luz natural suave de ventana lateral, ángulo cenital a 45 grados, fondo cálido neutro ligeramente desenfocado, props mínimos: servilleta de tela en tono verde manzana o menta y cubierto infantil, porción de tamaño infantil, colores naturales vivos del alimento, aspecto casero y fresco, sin manos, sin personas, sin texto, sin letras, sin marcas, sin empaques comerciales. Porción para llevar sobre servilleta de tela, presentación sencilla. PLATILLO: Torrejas BLW sin lactosa, con pan integral sin sal, bebida de almendras o de avena, huevo, servido de forma apetitosa y natural"
torta-de-avena-y-zanahoria,colacion,receta-torta-de-avena-y-zanahoria.webp,1:1,"Fotografía gastronómica apetitosa y realista de comida para niños, servida sobre mesa de madera clara, luz natural suave de ventana lateral, ángulo cenital a 45 grados, fondo cálido neutro ligeramente desenfocado, props mínimos: servilleta de tela en tono verde manzana o menta y cubierto infantil, porción de tamaño infantil, colores naturales vivos del alimento, aspecto casero y fresco, sin manos, sin personas, sin texto, sin letras, sin marcas, sin empaques comerciales. Porción para llevar sobre servilleta de tela, presentación sencilla. PLATILLO: Torta de Avena y Zanahoria, con huevo, zanahoria, manzana, servido de forma apetitosa y natural"
torta-de-pera-y-remolacha,postre,receta-torta-de-pera-y-remolacha.webp,1:1,"Fotografía gastronómica apetitosa y realista de comida para niños, servida sobre mesa de madera clara, luz natural suave de ventana lateral, ángulo cenital a 45 grados, fondo cálido neutro ligeramente desenfocado, props mínimos: servilleta de tela en tono verde manzana o menta y cubierto infantil, porción de tamaño infantil, colores naturales vivos del alimento, aspecto casero y fresco, sin manos, sin personas, sin texto, sin letras, sin marcas, sin empaques comerciales. Porción individual pequeña en recipiente infantil, presentación sencilla sin decoración excesiva. PLATILLO: Torta de Pera y Remolacha, con pera, remolacha, huevo, servido de forma apetitosa y natural"
tortilla-colorida,desayuno,receta-tortilla-colorida.webp,1:1,"Fotografía gastronómica apetitosa y realista de comida para niños, servida sobre mesa de madera clara, luz natural suave de ventana lateral, ángulo cenital a 45 grados, fondo cálido neutro ligeramente desenfocado, props mínimos: servilleta de tela en tono verde manzana o menta y cubierto infantil, porción de tamaño infantil, colores naturales vivos del alimento, aspecto casero y fresco, sin manos, sin personas, sin texto, sin letras, sin marcas, sin empaques comerciales. Servicio matutino en plato infantil de cerámica crema, luz más clara y fresca. PLATILLO: Tortilla Colorida de Verduras, con huevo, zanahoria, calabacín, servido de forma apetitosa y natural"
tortilla-de-huevo-doradita,colacion,receta-tortilla-de-huevo-doradita.webp,1:1,"Fotografía gastronómica apetitosa y realista de comida para niños, servida sobre mesa de madera clara, luz natural suave de ventana lateral, ángulo cenital a 45 grados, fondo cálido neutro ligeramente desenfocado, props mínimos: servilleta de tela en tono verde manzana o menta y cubierto infantil, porción de tamaño infantil, colores naturales vivos del alimento, aspecto casero y fresco, sin manos, sin personas, sin texto, sin letras, sin marcas, sin empaques comerciales. Porción para llevar sobre servilleta de tela, presentación sencilla. PLATILLO: Tortilla de Huevo Doradita, con huevo, queso rallado, servido de forma apetitosa y natural"
tortilla-de-papas-blw,cena,receta-tortilla-de-papas-blw.webp,1:1,"Fotografía gastronómica apetitosa y realista de comida para niños, servida sobre mesa de madera clara, luz natural suave de ventana lateral, ángulo cenital a 45 grados, fondo cálido neutro ligeramente desenfocado, props mínimos: servilleta de tela en tono verde manzana o menta y cubierto infantil, porción de tamaño infantil, colores naturales vivos del alimento, aspecto casero y fresco, sin manos, sin personas, sin texto, sin letras, sin marcas, sin empaques comerciales. Plato principal servido en plato infantil de cerámica crema, porción pequeña, ambiente cálido de cena. PLATILLO: Tortilla de papas BLW sin huevo, con papa, harina de garbanzo, servido de forma apetitosa y natural"
tortilla-de-quinua-y-arroz,almuerzo,receta-tortilla-de-quinua-y-arroz.webp,1:1,"Fotografía gastronómica apetitosa y realista de comida para niños, servida sobre mesa de madera clara, luz natural suave de ventana lateral, ángulo cenital a 45 grados, fondo cálido neutro ligeramente desenfocado, props mínimos: servilleta de tela en tono verde manzana o menta y cubierto infantil, porción de tamaño infantil, colores naturales vivos del alimento, aspecto casero y fresco, sin manos, sin personas, sin texto, sin letras, sin marcas, sin empaques comerciales. Plato principal servido en plato infantil de cerámica crema, porción pequeña. PLATILLO: Tortilla de Quinua y Arroz, con quinua cocida, arroz cocido, huevo, servido de forma apetitosa y natural"
tortipizza-de-calabacita-y-jamon,cena,receta-tortipizza-de-calabacita-y-jamon.webp,1:1,"Fotografía gastronómica apetitosa y realista de comida para niños, servida sobre mesa de madera clara, luz natural suave de ventana lateral, ángulo cenital a 45 grados, fondo cálido neutro ligeramente desenfocado, props mínimos: servilleta de tela en tono verde manzana o menta y cubierto infantil, porción de tamaño infantil, colores naturales vivos del alimento, aspecto casero y fresco, sin manos, sin personas, sin texto, sin letras, sin marcas, sin empaques comerciales. Plato principal servido en plato infantil de cerámica crema, porción pequeña, ambiente cálido de cena. PLATILLO: Tortipizza de Calabacita y Jamón, con huevo, calabacita, jamón cocido, servido de forma apetitosa y natural"
tortitas-de-calabaza,desayuno,receta-tortitas-de-calabaza.webp,1:1,"Fotografía gastronómica apetitosa y realista de comida para niños, servida sobre mesa de madera clara, luz natural suave de ventana lateral, ángulo cenital a 45 grados, fondo cálido neutro ligeramente desenfocado, props mínimos: servilleta de tela en tono verde manzana o menta y cubierto infantil, porción de tamaño infantil, colores naturales vivos del alimento, aspecto casero y fresco, sin manos, sin personas, sin texto, sin letras, sin marcas, sin empaques comerciales. Servicio matutino en plato infantil de cerámica crema, luz más clara y fresca. PLATILLO: Tortitas de Calabaza, con calabaza cocida, huevo, harina de avena, servido de forma apetitosa y natural"
tortitas-de-lentejas,almuerzo,receta-tortitas-de-lentejas.webp,1:1,"Fotografía gastronómica apetitosa y realista de comida para niños, servida sobre mesa de madera clara, luz natural suave de ventana lateral, ángulo cenital a 45 grados, fondo cálido neutro ligeramente desenfocado, props mínimos: servilleta de tela en tono verde manzana o menta y cubierto infantil, porción de tamaño infantil, colores naturales vivos del alimento, aspecto casero y fresco, sin manos, sin personas, sin texto, sin letras, sin marcas, sin empaques comerciales. Plato principal servido en plato infantil de cerámica crema, porción pequeña. PLATILLO: Tortitas de Lentejas, con lentejas cocidas y escurridas, zanahoria, huevo, servido de forma apetitosa y natural"
tortitas-de-papa-y-queso,lonchera,receta-tortitas-de-papa-y-queso.webp,1:1,"Fotografía gastronómica apetitosa y realista de comida para niños, servida sobre mesa de madera clara, luz natural suave de ventana lateral, ángulo cenital a 45 grados, fondo cálido neutro ligeramente desenfocado, props mínimos: servilleta de tela en tono verde manzana o menta y cubierto infantil, porción de tamaño infantil, colores naturales vivos del alimento, aspecto casero y fresco, sin manos, sin personas, sin texto, sin letras, sin marcas, sin empaques comerciales. Servido dentro de un compartimento de lonchera bento abierta, vista cenital. PLATILLO: Tortitas de Papa y Queso, con papa, huevo, harina de avena, servido de forma apetitosa y natural"
tostadas-francesas,desayuno,receta-tostadas-francesas.webp,1:1,"Fotografía gastronómica apetitosa y realista de comida para niños, servida sobre mesa de madera clara, luz natural suave de ventana lateral, ángulo cenital a 45 grados, fondo cálido neutro ligeramente desenfocado, props mínimos: servilleta de tela en tono verde manzana o menta y cubierto infantil, porción de tamaño infantil, colores naturales vivos del alimento, aspecto casero y fresco, sin manos, sin personas, sin texto, sin letras, sin marcas, sin empaques comerciales. Servicio matutino en plato infantil de cerámica crema, luz más clara y fresca. PLATILLO: Tostadas Francesas, con pan integral, leche, huevo, servido de forma apetitosa y natural"
tostadas-rellenas-de-yogur-y-frutas,postre,receta-tostadas-rellenas-de-yogur-y-frutas.webp,1:1,"Fotografía gastronómica apetitosa y realista de comida para niños, servida sobre mesa de madera clara, luz natural suave de ventana lateral, ángulo cenital a 45 grados, fondo cálido neutro ligeramente desenfocado, props mínimos: servilleta de tela en tono verde manzana o menta y cubierto infantil, porción de tamaño infantil, colores naturales vivos del alimento, aspecto casero y fresco, sin manos, sin personas, sin texto, sin letras, sin marcas, sin empaques comerciales. Porción individual pequeña en recipiente infantil, presentación sencilla sin decoración excesiva. PLATILLO: Tostadas Rellenas de Yogur y Frutas, con pan multicereal, yogur griego natural, huevo, servido de forma apetitosa y natural"
trufas-de-cacao-y-coco,colacion,receta-trufas-de-cacao-y-coco.webp,1:1,"Fotografía gastronómica apetitosa y realista de comida para niños, servida sobre mesa de madera clara, luz natural suave de ventana lateral, ángulo cenital a 45 grados, fondo cálido neutro ligeramente desenfocado, props mínimos: servilleta de tela en tono verde manzana o menta y cubierto infantil, porción de tamaño infantil, colores naturales vivos del alimento, aspecto casero y fresco, sin manos, sin personas, sin texto, sin letras, sin marcas, sin empaques comerciales. Porción para llevar sobre servilleta de tela, presentación sencilla. PLATILLO: Trufas de Cacao y Coco, con mantequilla de maní, avena molida, coco rallado, servido de forma apetitosa y natural"
trufas-de-pasas-y-coco,colacion,receta-trufas-de-pasas-y-coco.webp,1:1,"Fotografía gastronómica apetitosa y realista de comida para niños, servida sobre mesa de madera clara, luz natural suave de ventana lateral, ángulo cenital a 45 grados, fondo cálido neutro ligeramente desenfocado, props mínimos: servilleta de tela en tono verde manzana o menta y cubierto infantil, porción de tamaño infantil, colores naturales vivos del alimento, aspecto casero y fresco, sin manos, sin personas, sin texto, sin letras, sin marcas, sin empaques comerciales. Porción para llevar sobre servilleta de tela, presentación sencilla. PLATILLO: Trufas de pasas y coco con almendras, con pasas, almendras molidas, coco rallado, servido de forma apetitosa y natural"
untable-de-girasol-y-coco,lonchera,receta-untable-de-girasol-y-coco.webp,1:1,"Fotografía gastronómica apetitosa y realista de comida para niños, servida sobre mesa de madera clara, luz natural suave de ventana lateral, ángulo cenital a 45 grados, fondo cálido neutro ligeramente desenfocado, props mínimos: servilleta de tela en tono verde manzana o menta y cubierto infantil, porción de tamaño infantil, colores naturales vivos del alimento, aspecto casero y fresco, sin manos, sin personas, sin texto, sin letras, sin marcas, sin empaques comerciales. Servido dentro de un compartimento de lonchera bento abierta, vista cenital. PLATILLO: Untable de Girasol y Coco (sin frutos secos), con semillas de girasol peladas, coco rallado sin azúcar, servido de forma apetitosa y natural"
vasito-citrico-de-naranja-y-jengibre,bebida,receta-vasito-citrico-de-naranja-y-jengibre.webp,1:1,"Fotografía gastronómica apetitosa y realista de comida para niños, servida sobre mesa de madera clara, luz natural suave de ventana lateral, ángulo cenital a 45 grados, fondo cálido neutro ligeramente desenfocado, props mínimos: servilleta de tela en tono verde manzana o menta y cubierto infantil, porción de tamaño infantil, colores naturales vivos del alimento, aspecto casero y fresco, sin manos, sin personas, sin texto, sin letras, sin marcas, sin empaques comerciales. Servido en vaso infantil con popote o termo infantil, fondo despejado. PLATILLO: Vasito Cítrico de Naranja y Jengibre, con naranja, miel, servido de forma apetitosa y natural"
waffles-blw,desayuno,receta-waffles-blw.webp,1:1,"Fotografía gastronómica apetitosa y realista de comida para niños, servida sobre mesa de madera clara, luz natural suave de ventana lateral, ángulo cenital a 45 grados, fondo cálido neutro ligeramente desenfocado, props mínimos: servilleta de tela en tono verde manzana o menta y cubierto infantil, porción de tamaño infantil, colores naturales vivos del alimento, aspecto casero y fresco, sin manos, sin personas, sin texto, sin letras, sin marcas, sin empaques comerciales. Servicio matutino en plato infantil de cerámica crema, luz más clara y fresca. PLATILLO: Waffles BLW de Plátano y Avena, con avena molida, huevo, plátano, servido de forma apetitosa y natural"
waffles-de-pollo,lonchera,receta-waffles-de-pollo.webp,1:1,"Fotografía gastronómica apetitosa y realista de comida para niños, servida sobre mesa de madera clara, luz natural suave de ventana lateral, ángulo cenital a 45 grados, fondo cálido neutro ligeramente desenfocado, props mínimos: servilleta de tela en tono verde manzana o menta y cubierto infantil, porción de tamaño infantil, colores naturales vivos del alimento, aspecto casero y fresco, sin manos, sin personas, sin texto, sin letras, sin marcas, sin empaques comerciales. Servido dentro de un compartimento de lonchera bento abierta, vista cenital. PLATILLO: Waffles de Pollo, con pechuga de pollo cocida, avena molida, huevo, servido de forma apetitosa y natural"
yogur-con-compota-de-manzana,colacion,receta-yogur-con-compota-de-manzana.webp,1:1,"Fotografía gastronómica apetitosa y realista de comida para niños, servida sobre mesa de madera clara, luz natural suave de ventana lateral, ángulo cenital a 45 grados, fondo cálido neutro ligeramente desenfocado, props mínimos: servilleta de tela en tono verde manzana o menta y cubierto infantil, porción de tamaño infantil, colores naturales vivos del alimento, aspecto casero y fresco, sin manos, sin personas, sin texto, sin letras, sin marcas, sin empaques comerciales. Porción para llevar sobre servilleta de tela, presentación sencilla. PLATILLO: Yogur con Compota de Manzana, con manzana, yogur natural sin azúcar, servido de forma apetitosa y natural"
yogur-con-fresas-y-arandanos,colacion,receta-yogur-con-fresas-y-arandanos.webp,1:1,"Fotografía gastronómica apetitosa y realista de comida para niños, servida sobre mesa de madera clara, luz natural suave de ventana lateral, ángulo cenital a 45 grados, fondo cálido neutro ligeramente desenfocado, props mínimos: servilleta de tela en tono verde manzana o menta y cubierto infantil, porción de tamaño infantil, colores naturales vivos del alimento, aspecto casero y fresco, sin manos, sin personas, sin texto, sin letras, sin marcas, sin empaques comerciales. Porción para llevar sobre servilleta de tela, presentación sencilla. PLATILLO: Yogur con Fresas y Arándanos, con yogur natural sin azúcar, fresas, arándanos, servido de forma apetitosa y natural"
yogur-griego-casero,colacion,receta-yogur-griego-casero.webp,1:1,"Fotografía gastronómica apetitosa y realista de comida para niños, servida sobre mesa de madera clara, luz natural suave de ventana lateral, ángulo cenital a 45 grados, fondo cálido neutro ligeramente desenfocado, props mínimos: servilleta de tela en tono verde manzana o menta y cubierto infantil, porción de tamaño infantil, colores naturales vivos del alimento, aspecto casero y fresco, sin manos, sin personas, sin texto, sin letras, sin marcas, sin empaques comerciales. Porción para llevar sobre servilleta de tela, presentación sencilla. PLATILLO: Yogur Griego Casero, con leche entera, leche en polvo, yogur natural, servido de forma apetitosa y natural"
